"Size","Paper","Print Colour","Quantity","Packing","WM Price","EM Price"
"A4 (210mm x 297mm)","Simili 80gsmSimili 100gsmConqueror 100gsm Brilliant White LaidConqueror 100gsm Diamond White LaidConqueror 100gsm White WoveConqueror 100gsm Cream Laid","1C (Front)2C (Front)4C (Front)4C (Both)","102030405060708090100150200250300350400450500600700800900100011001200130014001500","LoosePad (100 pcs per pad)","WM Price","EM Price"
"A4 (210mm x 297mm)","Simili 80gsm","1C (Front)","500","Loose","105.25","145.25"
"A4 (210mm x 297mm)","Simili 80gsm","1C (Front)","600","Loose","107.70","147.70"
"A4 (210mm x 297mm)","Simili 80gsm","1C (Front)","700","Loose","113.75","163.75"
"A4 (210mm x 297mm)","Simili 80gsm","1C (Front)","800","Loose","116.15","166.15"
"A4 (210mm x 297mm)","Simili 80gsm","1C (Front)","900","Loose","119.80","179.80"
"A4 (210mm x 297mm)","Simili 80gsm","1C (Front)","1000","Loose","123.40","193.40"
"A4 (210mm x 297mm)","Simili 80gsm","1C (Front)","1100","Loose","127.05","197.05"
"A4 (210mm x 297mm)","Simili 80gsm","1C (Front)","1200","Loose","129.45","209.45"
"A4 (210mm x 297mm)","Simili 80gsm","1C (Front)","1300","Loose","133.10","213.10"
"A4 (210mm x 297mm)","Simili 80gsm","1C (Front)","1400","Loose","137.95","227.95"
"A4 (210mm x 297mm)","Simili 80gsm","1C (Front)","1500","Loose","140.35","240.35"
"A4 (210mm x 297mm)","Simili 80gsm","1C (Front)","500","Pad (100 pcs per pad)","108.90","148.90"
"A4 (210mm x 297mm)","Simili 80gsm","1C (Front)","600","Pad (100 pcs per pad)","113.75","153.75"
"A4 (210mm x 297mm)","Simili 80gsm","1C (Front)","700","Pad (100 pcs per pad)","118.60","168.60"
"A4 (210mm x 297mm)","Simili 80gsm","1C (Front)","800","Pad (100 pcs per pad)","122.20","172.20"
"A4 (210mm x 297mm)","Simili 80gsm","1C (Front)","900","Pad (100 pcs per pad)","125.85","185.85"
"A4 (210mm x 297mm)","Simili 80gsm","1C (Front)","1000","Pad (100 pcs per pad)","128.25","198.25"
"A4 (210mm x 297mm)","Simili 80gsm","1C (Front)","1100","Pad (100 pcs per pad)","134.30","204.30"
"A4 (210mm x 297mm)","Simili 80gsm","1C (Front)","1200","Pad (100 pcs per pad)","136.75","216.75"
"A4 (210mm x 297mm)","Simili 80gsm","1C (Front)","1300","Pad (100 pcs per pad)","139.15","219.15"
"A4 (210mm x 297mm)","Simili 80gsm","1C (Front)","1400","Pad (100 pcs per pad)","145.20","235.20"
"A4 (210mm x 297mm)","Simili 80gsm","1C (Front)","1500","Pad (100 pcs per pad)","147.60","247.60"
"A4 (210mm x 297mm)","Simili 80gsm","2C (Front)","500","Loose","168.20","208.20"
"A4 (210mm x 297mm)","Simili 80gsm","2C (Front)","600","Loose","173.05","213.05"
"A4 (210mm x 297mm)","Simili 80gsm","2C (Front)","700","Loose","176.65","226.65"
"A4 (210mm x 297mm)","Simili 80gsm","2C (Front)","800","Loose","179.10","229.10"
"A4 (210mm x 297mm)","Simili 80gsm","2C (Front)","900","Loose","183.90","243.90"
"A4 (210mm x 297mm)","Simili 80gsm","2C (Front)","1000","Loose","186.35","256.35"
"A4 (210mm x 297mm)","Simili 80gsm","2C (Front)","1100","Loose","189.95","259.95"
"A4 (210mm x 297mm)","Simili 80gsm","2C (Front)","1200","Loose","193.60","273.60"
"A4 (210mm x 297mm)","Simili 80gsm","2C (Front)","1300","Loose","197.25","277.25"
"A4 (210mm x 297mm)","Simili 80gsm","2C (Front)","1400","Loose","200.85","290.85"
"A4 (210mm x 297mm)","Simili 80gsm","2C (Front)","1500","Loose","204.50","304.50"
"A4 (210mm x 297mm)","Simili 80gsm","2C (Front)","500","Pad (100 pcs per pad)","173.05","213.05"
"A4 (210mm x 297mm)","Simili 80gsm","2C (Front)","600","Pad (100 pcs per pad)","177.85","217.85"
"A4 (210mm x 297mm)","Simili 80gsm","2C (Front)","700","Pad (100 pcs per pad)","182.70","232.70"
"A4 (210mm x 297mm)","Simili 80gsm","2C (Front)","800","Pad (100 pcs per pad)","185.15","235.15"
"A4 (210mm x 297mm)","Simili 80gsm","2C (Front)","900","Pad (100 pcs per pad)","188.75","248.75"
"A4 (210mm x 297mm)","Simili 80gsm","2C (Front)","1000","Pad (100 pcs per pad)","191.20","261.20"
"A4 (210mm x 297mm)","Simili 80gsm","2C (Front)","1100","Pad (100 pcs per pad)","197.25","267.25"
"A4 (210mm x 297mm)","Simili 80gsm","2C (Front)","1200","Pad (100 pcs per pad)","199.65","279.65"
"A4 (210mm x 297mm)","Simili 80gsm","2C (Front)","1300","Pad (100 pcs per pad)","204.50","284.50"
"A4 (210mm x 297mm)","Simili 80gsm","2C (Front)","1400","Pad (100 pcs per pad)","208.10","298.10"
"A4 (210mm x 297mm)","Simili 80gsm","2C (Front)","1500","Pad (100 pcs per pad)","210.55","310.55"
"A4 (210mm x 297mm)","Simili 80gsm","4C (Front)","10","Loose","24.20","34.20"
"A4 (210mm x 297mm)","Simili 80gsm","4C (Front)","20","Loose","29.70","39.70"
"A4 (210mm x 297mm)","Simili 80gsm","4C (Front)","30","Loose","34.10","44.10"
"A4 (210mm x 297mm)","Simili 80gsm","4C (Front)","40","Loose","38.50","48.50"
"A4 (210mm x 297mm)","Simili 80gsm","4C (Front)","50","Loose","45.10","55.10"
"A4 (210mm x 297mm)","Simili 80gsm","4C (Front)","60","Loose","48.40","58.40"
"A4 (210mm x 297mm)","Simili 80gsm","4C (Front)","70","Loose","53.90","63.90"
"A4 (210mm x 297mm)","Simili 80gsm","4C (Front)","80","Loose","58.30","68.30"
"A4 (210mm x 297mm)","Simili 80gsm","4C (Front)","90","Loose","63.80","73.80"
"A4 (210mm x 297mm)","Simili 80gsm","4C (Front)","100","Loose","68.20","78.20"
"A4 (210mm x 297mm)","Simili 80gsm","4C (Front)","150","Loose","93.50","103.50"
"A4 (210mm x 297mm)","Simili 80gsm","4C (Front)","200","Loose","118.80","138.80"
"A4 (210mm x 297mm)","Simili 80gsm","4C (Front)","250","Loose","143.00","163.00"
"A4 (210mm x 297mm)","Simili 80gsm","4C (Front)","300","Loose","167.20","187.20"
"A4 (210mm x 297mm)","Simili 80gsm","4C (Front)","350","Loose","193.60","223.60"
"A4 (210mm x 297mm)","Simili 80gsm","4C (Front)","400","Loose","216.70","246.70"
"A4 (210mm x 297mm)","Simili 80gsm","4C (Front)","450","Loose","242.00","272.00"
"A4 (210mm x 297mm)","Simili 80gsm","4C (Front)","500","Loose","267.30","307.30"
"A4 (210mm x 297mm)","Simili 80gsm","4C (Front)","600","Loose","326.70","366.70"
"A4 (210mm x 297mm)","Simili 80gsm","4C (Front)","700","Loose","330.35","380.35"
"A4 (210mm x 297mm)","Simili 80gsm","4C (Front)","800","Loose","333.95","383.95"
"A4 (210mm x 297mm)","Simili 80gsm","4C (Front)","900","Loose","337.60","397.60"
"A4 (210mm x 297mm)","Simili 80gsm","4C (Front)","1000","Loose","340.00","410.00"
"A4 (210mm x 297mm)","Simili 80gsm","4C (Front)","1100","Loose","344.85","414.85"
"A4 (210mm x 297mm)","Simili 80gsm","4C (Front)","1200","Loose","348.50","428.50"
"A4 (210mm x 297mm)","Simili 80gsm","4C (Front)","1300","Loose","350.90","430.90"
"A4 (210mm x 297mm)","Simili 80gsm","4C (Front)","1400","Loose","355.75","445.75"
"A4 (210mm x 297mm)","Simili 80gsm","4C (Front)","1500","Loose","358.15","458.15"
"A4 (210mm x 297mm)","Simili 80gsm","4C (Front)","500","Pad (100 pcs per pad)","327.90","367.90"
"A4 (210mm x 297mm)","Simili 80gsm","4C (Front)","600","Pad (100 pcs per pad)","331.55","371.55"
"A4 (210mm x 297mm)","Simili 80gsm","4C (Front)","700","Pad (100 pcs per pad)","336.40","386.40"
"A4 (210mm x 297mm)","Simili 80gsm","4C (Front)","800","Pad (100 pcs per pad)","338.80","388.80"
"A4 (210mm x 297mm)","Simili 80gsm","4C (Front)","900","Pad (100 pcs per pad)","342.45","402.45"
"A4 (210mm x 297mm)","Simili 80gsm","4C (Front)","1000","Pad (100 pcs per pad)","346.05","416.05"
"A4 (210mm x 297mm)","Simili 80gsm","4C (Front)","1100","Pad (100 pcs per pad)","350.90","420.90"
"A4 (210mm x 297mm)","Simili 80gsm","4C (Front)","1200","Pad (100 pcs per pad)","355.75","435.75"
"A4 (210mm x 297mm)","Simili 80gsm","4C (Front)","1300","Pad (100 pcs per pad)","358.15","438.15"
"A4 (210mm x 297mm)","Simili 80gsm","4C (Front)","1400","Pad (100 pcs per pad)","361.80","451.80"
"A4 (210mm x 297mm)","Simili 80gsm","4C (Front)","1500","Pad (100 pcs per pad)","365.40","465.40"
"A4 (210mm x 297mm)","Simili 80gsm","4C (Both)","10","Loose","31.90","41.90"
"A4 (210mm x 297mm)","Simili 80gsm","4C (Both)","20","Loose","39.60","49.60"
"A4 (210mm x 297mm)","Simili 80gsm","4C (Both)","30","Loose","48.40","58.40"
"A4 (210mm x 297mm)","Simili 80gsm","4C (Both)","40","Loose","56.10","66.10"
"A4 (210mm x 297mm)","Simili 80gsm","4C (Both)","50","Loose","64.90","74.90"
"A4 (210mm x 297mm)","Simili 80gsm","4C (Both)","60","Loose","72.60","82.60"
"A4 (210mm x 297mm)","Simili 80gsm","4C (Both)","70","Loose","81.40","91.40"
"A4 (210mm x 297mm)","Simili 80gsm","4C (Both)","80","Loose","89.10","99.10"
"A4 (210mm x 297mm)","Simili 80gsm","4C (Both)","90","Loose","96.80","106.80"
"A4 (210mm x 297mm)","Simili 80gsm","4C (Both)","100","Loose","105.60","115.60"
"A4 (210mm x 297mm)","Simili 80gsm","4C (Both)","150","Loose","146.30","156.30"
"A4 (210mm x 297mm)","Simili 80gsm","4C (Both)","200","Loose","188.10","208.10"
"A4 (210mm x 297mm)","Simili 80gsm","4C (Both)","250","Loose","228.80","248.80"
"A4 (210mm x 297mm)","Simili 80gsm","4C (Both)","300","Loose","270.60","290.60"
"A4 (210mm x 297mm)","Simili 80gsm","4C (Both)","350","Loose","311.30","341.30"
"A4 (210mm x 297mm)","Simili 80gsm","4C (Both)","400","Loose","352.00","382.00"
"A4 (210mm x 297mm)","Simili 80gsm","4C (Both)","450","Loose","393.80","423.80"
"A4 (210mm x 297mm)","Simili 80gsm","4C (Both)","500","Loose","434.50","474.50"
"A4 (210mm x 297mm)","Simili 100gsm","1C (Front)","500","Loose","108.90","148.90"
"A4 (210mm x 297mm)","Simili 100gsm","1C (Front)","600","Loose","114.95","164.95"
"A4 (210mm x 297mm)","Simili 100gsm","1C (Front)","700","Loose","119.80","179.80"
"A4 (210mm x 297mm)","Simili 100gsm","1C (Front)","800","Loose","123.40","193.40"
"A4 (210mm x 297mm)","Simili 100gsm","1C (Front)","900","Loose","128.25","198.25"
"A4 (210mm x 297mm)","Simili 100gsm","1C (Front)","1000","Loose","133.10","213.10"
"A4 (210mm x 297mm)","Simili 100gsm","1C (Front)","1100","Loose","136.75","226.75"
"A4 (210mm x 297mm)","Simili 100gsm","1C (Front)","1200","Loose","140.35","240.35"
"A4 (210mm x 297mm)","Simili 100gsm","1C (Front)","1300","Loose","146.40","246.40"
"A4 (210mm x 297mm)","Simili 100gsm","1C (Front)","1400","Loose","150.05","260.05"
"A4 (210mm x 297mm)","Simili 100gsm","1C (Front)","1500","Loose","154.90","274.90"
"A4 (210mm x 297mm)","Simili 100gsm","1C (Front)","500","Pad (100 pcs per pad)","113.75","153.75"
"A4 (210mm x 297mm)","Simili 100gsm","1C (Front)","600","Pad (100 pcs per pad)","119.80","169.80"
"A4 (210mm x 297mm)","Simili 100gsm","1C (Front)","700","Pad (100 pcs per pad)","125.85","185.85"
"A4 (210mm x 297mm)","Simili 100gsm","1C (Front)","800","Pad (100 pcs per pad)","128.25","198.25"
"A4 (210mm x 297mm)","Simili 100gsm","1C (Front)","900","Pad (100 pcs per pad)","134.30","204.30"
"A4 (210mm x 297mm)","Simili 100gsm","1C (Front)","1000","Pad (100 pcs per pad)","137.95","217.95"
"A4 (210mm x 297mm)","Simili 100gsm","1C (Front)","1100","Pad (100 pcs per pad)","144.00","234.00"
"A4 (210mm x 297mm)","Simili 100gsm","1C (Front)","1200","Pad (100 pcs per pad)","147.60","247.60"
"A4 (210mm x 297mm)","Simili 100gsm","1C (Front)","1300","Pad (100 pcs per pad)","153.65","253.65"
"A4 (210mm x 297mm)","Simili 100gsm","1C (Front)","1400","Pad (100 pcs per pad)","157.30","267.30"
"A4 (210mm x 297mm)","Simili 100gsm","1C (Front)","1500","Pad (100 pcs per pad)","160.95","280.95"
"A4 (210mm x 297mm)","Simili 100gsm","2C (Front)","500","Loose","174.25","214.25"
"A4 (210mm x 297mm)","Simili 100gsm","2C (Front)","600","Loose","177.85","227.85"
"A4 (210mm x 297mm)","Simili 100gsm","2C (Front)","700","Loose","183.90","243.90"
"A4 (210mm x 297mm)","Simili 100gsm","2C (Front)","800","Loose","187.55","257.55"
"A4 (210mm x 297mm)","Simili 100gsm","2C (Front)","900","Loose","191.20","261.20"
"A4 (210mm x 297mm)","Simili 100gsm","2C (Front)","1000","Loose","196.00","276.00"
"A4 (210mm x 297mm)","Simili 100gsm","2C (Front)","1100","Loose","200.85","290.85"
"A4 (210mm x 297mm)","Simili 100gsm","2C (Front)","1200","Loose","204.50","304.50"
"A4 (210mm x 297mm)","Simili 100gsm","2C (Front)","1300","Loose","209.35","309.35"
"A4 (210mm x 297mm)","Simili 100gsm","2C (Front)","1400","Loose","215.40","325.40"
"A4 (210mm x 297mm)","Simili 100gsm","2C (Front)","1500","Loose","217.80","337.80"
"A4 (210mm x 297mm)","Simili 100gsm","2C (Front)","500","Pad (100 pcs per pad)","177.85","217.85"
"A4 (210mm x 297mm)","Simili 100gsm","2C (Front)","600","Pad (100 pcs per pad)","183.90","233.90"
"A4 (210mm x 297mm)","Simili 100gsm","2C (Front)","700","Pad (100 pcs per pad)","188.75","248.75"
"A4 (210mm x 297mm)","Simili 100gsm","2C (Front)","800","Pad (100 pcs per pad)","193.60","263.60"
"A4 (210mm x 297mm)","Simili 100gsm","2C (Front)","900","Pad (100 pcs per pad)","197.25","267.25"
"A4 (210mm x 297mm)","Simili 100gsm","2C (Front)","1000","Pad (100 pcs per pad)","200.85","280.85"
"A4 (210mm x 297mm)","Simili 100gsm","2C (Front)","1100","Pad (100 pcs per pad)","208.10","298.10"
"A4 (210mm x 297mm)","Simili 100gsm","2C (Front)","1200","Pad (100 pcs per pad)","210.55","310.55"
"A4 (210mm x 297mm)","Simili 100gsm","2C (Front)","1300","Pad (100 pcs per pad)","216.60","316.60"
"A4 (210mm x 297mm)","Simili 100gsm","2C (Front)","1400","Pad (100 pcs per pad)","221.45","331.45"
"A4 (210mm x 297mm)","Simili 100gsm","2C (Front)","1500","Pad (100 pcs per pad)","225.05","345.05"
"A4 (210mm x 297mm)","Simili 100gsm","4C (Front)","10","Loose","25.30","35.30"
"A4 (210mm x 297mm)","Simili 100gsm","4C (Front)","20","Loose","29.70","39.70"
"A4 (210mm x 297mm)","Simili 100gsm","4C (Front)","30","Loose","34.10","44.10"
"A4 (210mm x 297mm)","Simili 100gsm","4C (Front)","40","Loose","39.60","49.60"
"A4 (210mm x 297mm)","Simili 100gsm","4C (Front)","50","Loose","45.10","55.10"
"A4 (210mm x 297mm)","Simili 100gsm","4C (Front)","60","Loose","49.50","59.50"
"A4 (210mm x 297mm)","Simili 100gsm","4C (Front)","70","Loose","55.00","65.00"
"A4 (210mm x 297mm)","Simili 100gsm","4C (Front)","80","Loose","59.40","69.40"
"A4 (210mm x 297mm)","Simili 100gsm","4C (Front)","90","Loose","64.90","74.90"
"A4 (210mm x 297mm)","Simili 100gsm","4C (Front)","100","Loose","70.40","80.40"
"A4 (210mm x 297mm)","Simili 100gsm","4C (Front)","150","Loose","96.80","116.80"
"A4 (210mm x 297mm)","Simili 100gsm","4C (Front)","200","Loose","122.10","142.10"
"A4 (210mm x 297mm)","Simili 100gsm","4C (Front)","250","Loose","148.50","168.50"
"A4 (210mm x 297mm)","Simili 100gsm","4C (Front)","300","Loose","172.70","202.70"
"A4 (210mm x 297mm)","Simili 100gsm","4C (Front)","350","Loose","200.20","230.20"
"A4 (210mm x 297mm)","Simili 100gsm","4C (Front)","400","Loose","224.40","264.40"
"A4 (210mm x 297mm)","Simili 100gsm","4C (Front)","450","Loose","251.90","291.90"
"A4 (210mm x 297mm)","Simili 100gsm","4C (Front)","500","Loose","277.20","317.20"
"A4 (210mm x 297mm)","Simili 100gsm","4C (Front)","600","Loose","333.95","383.95"
"A4 (210mm x 297mm)","Simili 100gsm","4C (Front)","700","Loose","338.80","398.80"
"A4 (210mm x 297mm)","Simili 100gsm","4C (Front)","800","Loose","341.20","411.20"
"A4 (210mm x 297mm)","Simili 100gsm","4C (Front)","900","Loose","347.25","417.25"
"A4 (210mm x 297mm)","Simili 100gsm","4C (Front)","1000","Loose","350.90","430.90"
"A4 (210mm x 297mm)","Simili 100gsm","4C (Front)","1100","Loose","355.75","445.75"
"A4 (210mm x 297mm)","Simili 100gsm","4C (Front)","1200","Loose","359.35","459.35"
"A4 (210mm x 297mm)","Simili 100gsm","4C (Front)","1300","Loose","365.40","465.40"
"A4 (210mm x 297mm)","Simili 100gsm","4C (Front)","1400","Loose","369.05","479.05"
"A4 (210mm x 297mm)","Simili 100gsm","4C (Front)","1500","Loose","372.70","492.70"
"A4 (210mm x 297mm)","Simili 100gsm","4C (Front)","500","Pad (100 pcs per pad)","331.55","371.55"
"A4 (210mm x 297mm)","Simili 100gsm","4C (Front)","600","Pad (100 pcs per pad)","338.80","388.80"
"A4 (210mm x 297mm)","Simili 100gsm","4C (Front)","700","Pad (100 pcs per pad)","344.85","404.85"
"A4 (210mm x 297mm)","Simili 100gsm","4C (Front)","800","Pad (100 pcs per pad)","347.25","417.25"
"A4 (210mm x 297mm)","Simili 100gsm","4C (Front)","900","Pad (100 pcs per pad)","352.10","422.10"
"A4 (210mm x 297mm)","Simili 100gsm","4C (Front)","1000","Pad (100 pcs per pad)","356.95","436.95"
"A4 (210mm x 297mm)","Simili 100gsm","4C (Front)","1100","Pad (100 pcs per pad)","361.80","451.80"
"A4 (210mm x 297mm)","Simili 100gsm","4C (Front)","1200","Pad (100 pcs per pad)","366.65","466.65"
"A4 (210mm x 297mm)","Simili 100gsm","4C (Front)","1300","Pad (100 pcs per pad)","371.45","471.45"
"A4 (210mm x 297mm)","Simili 100gsm","4C (Front)","1400","Pad (100 pcs per pad)","376.30","486.30"
"A4 (210mm x 297mm)","Simili 100gsm","4C (Front)","1500","Pad (100 pcs per pad)","379.95","499.95"
"A4 (210mm x 297mm)","Simili 100gsm","4C (Both)","10","Loose","33.00","43.00"
"A4 (210mm x 297mm)","Simili 100gsm","4C (Both)","20","Loose","39.60","49.60"
"A4 (210mm x 297mm)","Simili 100gsm","4C (Both)","30","Loose","48.40","58.40"
"A4 (210mm x 297mm)","Simili 100gsm","4C (Both)","40","Loose","57.20","67.20"
"A4 (210mm x 297mm)","Simili 100gsm","4C (Both)","50","Loose","64.90","74.90"
"A4 (210mm x 297mm)","Simili 100gsm","4C (Both)","60","Loose","73.70","83.70"
"A4 (210mm x 297mm)","Simili 100gsm","4C (Both)","70","Loose","82.50","92.50"
"A4 (210mm x 297mm)","Simili 100gsm","4C (Both)","80","Loose","90.20","100.20"
"A4 (210mm x 297mm)","Simili 100gsm","4C (Both)","90","Loose","97.90","107.90"
"A4 (210mm x 297mm)","Simili 100gsm","4C (Both)","100","Loose","107.80","117.80"
"A4 (210mm x 297mm)","Simili 100gsm","4C (Both)","150","Loose","149.60","169.60"
"A4 (210mm x 297mm)","Simili 100gsm","4C (Both)","200","Loose","191.40","211.40"
"A4 (210mm x 297mm)","Simili 100gsm","4C (Both)","250","Loose","234.30","254.30"
"A4 (210mm x 297mm)","Simili 100gsm","4C (Both)","300","Loose","276.10","306.10"
"A4 (210mm x 297mm)","Simili 100gsm","4C (Both)","350","Loose","317.90","347.90"
"A4 (210mm x 297mm)","Simili 100gsm","4C (Both)","400","Loose","359.70","399.70"
"A4 (210mm x 297mm)","Simili 100gsm","4C (Both)","450","Loose","403.70","443.70"
"A4 (210mm x 297mm)","Simili 100gsm","4C (Both)","500","Loose","444.40","484.40"
"A4 (210mm x 297mm)","Conqueror 100gsm Brilliant White Laid","1C (Front)","500","Loose","289.20","329.20"
"A4 (210mm x 297mm)","Conqueror 100gsm Brilliant White Laid","1C (Front)","600","Loose","315.80","365.80"
"A4 (210mm x 297mm)","Conqueror 100gsm Brilliant White Laid","1C (Front)","700","Loose","341.20","401.20"
"A4 (210mm x 297mm)","Conqueror 100gsm Brilliant White Laid","1C (Front)","800","Loose","367.85","437.85"
"A4 (210mm x 297mm)","Conqueror 100gsm Brilliant White Laid","1C (Front)","900","Loose","394.45","464.45"
"A4 (210mm x 297mm)","Conqueror 100gsm Brilliant White Laid","1C (Front)","1000","Loose","418.65","498.65"
"A4 (210mm x 297mm)","Conqueror 100gsm Brilliant White Laid","1C (Front)","1100","Loose","445.30","535.30"
"A4 (210mm x 297mm)","Conqueror 100gsm Brilliant White Laid","1C (Front)","1200","Loose","470.70","570.70"
"A4 (210mm x 297mm)","Conqueror 100gsm Brilliant White Laid","1C (Front)","1300","Loose","497.30","597.30"
"A4 (210mm x 297mm)","Conqueror 100gsm Brilliant White Laid","1C (Front)","1400","Loose","522.70","632.70"
"A4 (210mm x 297mm)","Conqueror 100gsm Brilliant White Laid","1C (Front)","1500","Loose","548.15","668.15"
"A4 (210mm x 297mm)","Conqueror 100gsm Brilliant White Laid","1C (Front)","500","Pad (100 pcs per pad)","294.05","334.05"
"A4 (210mm x 297mm)","Conqueror 100gsm Brilliant White Laid","1C (Front)","600","Pad (100 pcs per pad)","320.65","370.65"
"A4 (210mm x 297mm)","Conqueror 100gsm Brilliant White Laid","1C (Front)","700","Pad (100 pcs per pad)","347.25","407.25"
"A4 (210mm x 297mm)","Conqueror 100gsm Brilliant White Laid","1C (Front)","800","Pad (100 pcs per pad)","372.70","442.70"
"A4 (210mm x 297mm)","Conqueror 100gsm Brilliant White Laid","1C (Front)","900","Pad (100 pcs per pad)","399.30","469.30"
"A4 (210mm x 297mm)","Conqueror 100gsm Brilliant White Laid","1C (Front)","1000","Pad (100 pcs per pad)","424.70","504.70"
"A4 (210mm x 297mm)","Conqueror 100gsm Brilliant White Laid","1C (Front)","1100","Pad (100 pcs per pad)","451.35","541.35"
"A4 (210mm x 297mm)","Conqueror 100gsm Brilliant White Laid","1C (Front)","1200","Pad (100 pcs per pad)","477.95","577.95"
"A4 (210mm x 297mm)","Conqueror 100gsm Brilliant White Laid","1C (Front)","1300","Pad (100 pcs per pad)","503.35","603.35"
"A4 (210mm x 297mm)","Conqueror 100gsm Brilliant White Laid","1C (Front)","1400","Pad (100 pcs per pad)","530.00","640.00"
"A4 (210mm x 297mm)","Conqueror 100gsm Brilliant White Laid","1C (Front)","1500","Pad (100 pcs per pad)","555.40","675.40"
"A4 (210mm x 297mm)","Conqueror 100gsm Brilliant White Laid","2C (Front)","500","Loose","398.10","438.10"
"A4 (210mm x 297mm)","Conqueror 100gsm Brilliant White Laid","2C (Front)","600","Loose","424.70","474.70"
"A4 (210mm x 297mm)","Conqueror 100gsm Brilliant White Laid","2C (Front)","700","Loose","450.10","510.10"
"A4 (210mm x 297mm)","Conqueror 100gsm Brilliant White Laid","2C (Front)","800","Loose","476.75","546.75"
"A4 (210mm x 297mm)","Conqueror 100gsm Brilliant White Laid","2C (Front)","900","Loose","502.15","572.15"
"A4 (210mm x 297mm)","Conqueror 100gsm Brilliant White Laid","2C (Front)","1000","Loose","527.55","607.55"
"A4 (210mm x 297mm)","Conqueror 100gsm Brilliant White Laid","2C (Front)","1100","Loose","552.95","642.95"
"A4 (210mm x 297mm)","Conqueror 100gsm Brilliant White Laid","2C (Front)","1200","Loose","579.60","679.60"
"A4 (210mm x 297mm)","Conqueror 100gsm Brilliant White Laid","2C (Front)","1300","Loose","606.20","706.20"
"A4 (210mm x 297mm)","Conqueror 100gsm Brilliant White Laid","2C (Front)","1400","Loose","631.60","741.60"
"A4 (210mm x 297mm)","Conqueror 100gsm Brilliant White Laid","2C (Front)","1500","Loose","657.05","777.05"
"A4 (210mm x 297mm)","Conqueror 100gsm Brilliant White Laid","2C (Front)","500","Pad (100 pcs per pad)","401.70","441.70"
"A4 (210mm x 297mm)","Conqueror 100gsm Brilliant White Laid","2C (Front)","600","Pad (100 pcs per pad)","429.55","479.55"
"A4 (210mm x 297mm)","Conqueror 100gsm Brilliant White Laid","2C (Front)","700","Pad (100 pcs per pad)","456.15","516.15"
"A4 (210mm x 297mm)","Conqueror 100gsm Brilliant White Laid","2C (Front)","800","Pad (100 pcs per pad)","481.60","551.60"
"A4 (210mm x 297mm)","Conqueror 100gsm Brilliant White Laid","2C (Front)","900","Pad (100 pcs per pad)","508.20","578.20"
"A4 (210mm x 297mm)","Conqueror 100gsm Brilliant White Laid","2C (Front)","1000","Pad (100 pcs per pad)","532.40","612.40"
"A4 (210mm x 297mm)","Conqueror 100gsm Brilliant White Laid","2C (Front)","1100","Pad (100 pcs per pad)","560.25","650.25"
"A4 (210mm x 297mm)","Conqueror 100gsm Brilliant White Laid","2C (Front)","1200","Pad (100 pcs per pad)","586.85","686.85"
"A4 (210mm x 297mm)","Conqueror 100gsm Brilliant White Laid","2C (Front)","1300","Pad (100 pcs per pad)","612.25","712.25"
"A4 (210mm x 297mm)","Conqueror 100gsm Brilliant White Laid","2C (Front)","1400","Pad (100 pcs per pad)","638.90","748.90"
"A4 (210mm x 297mm)","Conqueror 100gsm Brilliant White Laid","2C (Front)","1500","Pad (100 pcs per pad)","663.10","783.10"
"A4 (210mm x 297mm)","Conqueror 100gsm Brilliant White Laid","4C (Front)","500","Loose","477.95","517.95"
"A4 (210mm x 297mm)","Conqueror 100gsm Brilliant White Laid","4C (Front)","600","Loose","503.35","553.35"
"A4 (210mm x 297mm)","Conqueror 100gsm Brilliant White Laid","4C (Front)","700","Loose","531.20","591.20"
"A4 (210mm x 297mm)","Conqueror 100gsm Brilliant White Laid","4C (Front)","800","Loose","556.60","626.60"
"A4 (210mm x 297mm)","Conqueror 100gsm Brilliant White Laid","4C (Front)","900","Loose","582.00","652.00"
"A4 (210mm x 297mm)","Conqueror 100gsm Brilliant White Laid","4C (Front)","1000","Loose","607.40","687.40"
"A4 (210mm x 297mm)","Conqueror 100gsm Brilliant White Laid","4C (Front)","1100","Loose","634.05","724.05"
"A4 (210mm x 297mm)","Conqueror 100gsm Brilliant White Laid","4C (Front)","1200","Loose","659.45","759.45"
"A4 (210mm x 297mm)","Conqueror 100gsm Brilliant White Laid","4C (Front)","1300","Loose","684.85","784.85"
"A4 (210mm x 297mm)","Conqueror 100gsm Brilliant White Laid","4C (Front)","1400","Loose","711.50","821.50"
"A4 (210mm x 297mm)","Conqueror 100gsm Brilliant White Laid","4C (Front)","1500","Loose","738.10","858.10"
"A4 (210mm x 297mm)","Conqueror 100gsm Brilliant White Laid","4C (Front)","500","Pad (100 pcs per pad)","481.60","521.60"
"A4 (210mm x 297mm)","Conqueror 100gsm Brilliant White Laid","4C (Front)","600","Pad (100 pcs per pad)","509.40","559.40"
"A4 (210mm x 297mm)","Conqueror 100gsm Brilliant White Laid","4C (Front)","700","Pad (100 pcs per pad)","537.25","597.25"
"A4 (210mm x 297mm)","Conqueror 100gsm Brilliant White Laid","4C (Front)","800","Pad (100 pcs per pad)","561.45","631.45"
"A4 (210mm x 297mm)","Conqueror 100gsm Brilliant White Laid","4C (Front)","900","Pad (100 pcs per pad)","588.05","658.05"
"A4 (210mm x 297mm)","Conqueror 100gsm Brilliant White Laid","4C (Front)","1000","Pad (100 pcs per pad)","612.25","692.25"
"A4 (210mm x 297mm)","Conqueror 100gsm Brilliant White Laid","4C (Front)","1100","Pad (100 pcs per pad)","641.30","731.30"
"A4 (210mm x 297mm)","Conqueror 100gsm Brilliant White Laid","4C (Front)","1200","Pad (100 pcs per pad)","666.70","766.70"
"A4 (210mm x 297mm)","Conqueror 100gsm Brilliant White Laid","4C (Front)","1300","Pad (100 pcs per pad)","692.10","792.10"
"A4 (210mm x 297mm)","Conqueror 100gsm Brilliant White Laid","4C (Front)","1400","Pad (100 pcs per pad)","718.75","828.75"
"A4 (210mm x 297mm)","Conqueror 100gsm Brilliant White Laid","4C (Front)","1500","Pad (100 pcs per pad)","744.15","864.15"
"A4 (210mm x 297mm)","Conqueror 100gsm Diamond White Laid","1C (Front)","500","Loose","289.20","329.20"
"A4 (210mm x 297mm)","Conqueror 100gsm Diamond White Laid","1C (Front)","600","Loose","315.80","365.80"
"A4 (210mm x 297mm)","Conqueror 100gsm Diamond White Laid","1C (Front)","700","Loose","341.20","401.20"
"A4 (210mm x 297mm)","Conqueror 100gsm Diamond White Laid","1C (Front)","800","Loose","367.85","437.85"
"A4 (210mm x 297mm)","Conqueror 100gsm Diamond White Laid","1C (Front)","900","Loose","394.45","464.45"
"A4 (210mm x 297mm)","Conqueror 100gsm Diamond White Laid","1C (Front)","1000","Loose","418.65","498.65"
"A4 (210mm x 297mm)","Conqueror 100gsm Diamond White Laid","1C (Front)","1100","Loose","445.30","535.30"
"A4 (210mm x 297mm)","Conqueror 100gsm Diamond White Laid","1C (Front)","1200","Loose","470.70","570.70"
"A4 (210mm x 297mm)","Conqueror 100gsm Diamond White Laid","1C (Front)","1300","Loose","497.30","597.30"
"A4 (210mm x 297mm)","Conqueror 100gsm Diamond White Laid","1C (Front)","1400","Loose","522.70","632.70"
"A4 (210mm x 297mm)","Conqueror 100gsm Diamond White Laid","1C (Front)","1500","Loose","548.15","668.15"
"A4 (210mm x 297mm)","Conqueror 100gsm Diamond White Laid","1C (Front)","500","Pad (100 pcs per pad)","294.05","334.05"
"A4 (210mm x 297mm)","Conqueror 100gsm Diamond White Laid","1C (Front)","600","Pad (100 pcs per pad)","320.65","370.65"
"A4 (210mm x 297mm)","Conqueror 100gsm Diamond White Laid","1C (Front)","700","Pad (100 pcs per pad)","347.25","407.25"
"A4 (210mm x 297mm)","Conqueror 100gsm Diamond White Laid","1C (Front)","800","Pad (100 pcs per pad)","372.70","442.70"
"A4 (210mm x 297mm)","Conqueror 100gsm Diamond White Laid","1C (Front)","900","Pad (100 pcs per pad)","399.30","469.30"
"A4 (210mm x 297mm)","Conqueror 100gsm Diamond White Laid","1C (Front)","1000","Pad (100 pcs per pad)","424.70","504.70"
"A4 (210mm x 297mm)","Conqueror 100gsm Diamond White Laid","1C (Front)","1100","Pad (100 pcs per pad)","451.35","541.35"
"A4 (210mm x 297mm)","Conqueror 100gsm Diamond White Laid","1C (Front)","1200","Pad (100 pcs per pad)","477.95","577.95"
"A4 (210mm x 297mm)","Conqueror 100gsm Diamond White Laid","1C (Front)","1300","Pad (100 pcs per pad)","503.35","603.35"
"A4 (210mm x 297mm)","Conqueror 100gsm Diamond White Laid","1C (Front)","1400","Pad (100 pcs per pad)","530.00","640.00"
"A4 (210mm x 297mm)","Conqueror 100gsm Diamond White Laid","1C (Front)","1500","Pad (100 pcs per pad)","555.40","675.40"
"A4 (210mm x 297mm)","Conqueror 100gsm Diamond White Laid","2C (Front)","500","Loose","398.10","438.10"
"A4 (210mm x 297mm)","Conqueror 100gsm Diamond White Laid","2C (Front)","600","Loose","424.70","474.70"
"A4 (210mm x 297mm)","Conqueror 100gsm Diamond White Laid","2C (Front)","700","Loose","450.10","510.10"
"A4 (210mm x 297mm)","Conqueror 100gsm Diamond White Laid","2C (Front)","800","Loose","476.75","546.75"
"A4 (210mm x 297mm)","Conqueror 100gsm Diamond White Laid","2C (Front)","900","Loose","502.15","572.15"
"A4 (210mm x 297mm)","Conqueror 100gsm Diamond White Laid","2C (Front)","1000","Loose","527.55","607.55"
"A4 (210mm x 297mm)","Conqueror 100gsm Diamond White Laid","2C (Front)","1100","Loose","552.95","642.95"
"A4 (210mm x 297mm)","Conqueror 100gsm Diamond White Laid","2C (Front)","1200","Loose","579.60","679.60"
"A4 (210mm x 297mm)","Conqueror 100gsm Diamond White Laid","2C (Front)","1300","Loose","606.20","706.20"
"A4 (210mm x 297mm)","Conqueror 100gsm Diamond White Laid","2C (Front)","1400","Loose","631.60","741.60"
"A4 (210mm x 297mm)","Conqueror 100gsm Diamond White Laid","2C (Front)","1500","Loose","657.05","777.05"
"A4 (210mm x 297mm)","Conqueror 100gsm Diamond White Laid","2C (Front)","500","Pad (100 pcs per pad)","401.70","441.70"
"A4 (210mm x 297mm)","Conqueror 100gsm Diamond White Laid","2C (Front)","600","Pad (100 pcs per pad)","429.55","479.55"
"A4 (210mm x 297mm)","Conqueror 100gsm Diamond White Laid","2C (Front)","700","Pad (100 pcs per pad)","456.15","516.15"
"A4 (210mm x 297mm)","Conqueror 100gsm Diamond White Laid","2C (Front)","800","Pad (100 pcs per pad)","481.60","551.60"
"A4 (210mm x 297mm)","Conqueror 100gsm Diamond White Laid","2C (Front)","900","Pad (100 pcs per pad)","508.20","578.20"
"A4 (210mm x 297mm)","Conqueror 100gsm Diamond White Laid","2C (Front)","1000","Pad (100 pcs per pad)","532.40","612.40"
"A4 (210mm x 297mm)","Conqueror 100gsm Diamond White Laid","2C (Front)","1100","Pad (100 pcs per pad)","560.25","650.25"
"A4 (210mm x 297mm)","Conqueror 100gsm Diamond White Laid","2C (Front)","1200","Pad (100 pcs per pad)","586.85","686.85"
"A4 (210mm x 297mm)","Conqueror 100gsm Diamond White Laid","2C (Front)","1300","Pad (100 pcs per pad)","612.25","712.25"
"A4 (210mm x 297mm)","Conqueror 100gsm Diamond White Laid","2C (Front)","1400","Pad (100 pcs per pad)","638.90","748.90"
"A4 (210mm x 297mm)","Conqueror 100gsm Diamond White Laid","2C (Front)","1500","Pad (100 pcs per pad)","663.10","783.10"
"A4 (210mm x 297mm)","Conqueror 100gsm Diamond White Laid","4C (Front)","500","Loose","477.95","517.95"
"A4 (210mm x 297mm)","Conqueror 100gsm Diamond White Laid","4C (Front)","600","Loose","503.35","553.35"
"A4 (210mm x 297mm)","Conqueror 100gsm Diamond White Laid","4C (Front)","700","Loose","531.20","591.20"
"A4 (210mm x 297mm)","Conqueror 100gsm Diamond White Laid","4C (Front)","800","Loose","556.60","626.60"
"A4 (210mm x 297mm)","Conqueror 100gsm Diamond White Laid","4C (Front)","900","Loose","582.00","652.00"
"A4 (210mm x 297mm)","Conqueror 100gsm Diamond White Laid","4C (Front)","1000","Loose","607.40","687.40"
"A4 (210mm x 297mm)","Conqueror 100gsm Diamond White Laid","4C (Front)","1100","Loose","634.05","724.05"
"A4 (210mm x 297mm)","Conqueror 100gsm Diamond White Laid","4C (Front)","1200","Loose","659.45","759.45"
"A4 (210mm x 297mm)","Conqueror 100gsm Diamond White Laid","4C (Front)","1300","Loose","684.85","784.85"
"A4 (210mm x 297mm)","Conqueror 100gsm Diamond White Laid","4C (Front)","1400","Loose","711.50","821.50"
"A4 (210mm x 297mm)","Conqueror 100gsm Diamond White Laid","4C (Front)","1500","Loose","738.10","858.10"
"A4 (210mm x 297mm)","Conqueror 100gsm Diamond White Laid","4C (Front)","500","Pad (100 pcs per pad)","481.60","521.60"
"A4 (210mm x 297mm)","Conqueror 100gsm Diamond White Laid","4C (Front)","600","Pad (100 pcs per pad)","509.40","559.40"
"A4 (210mm x 297mm)","Conqueror 100gsm Diamond White Laid","4C (Front)","700","Pad (100 pcs per pad)","537.25","597.25"
"A4 (210mm x 297mm)","Conqueror 100gsm Diamond White Laid","4C (Front)","800","Pad (100 pcs per pad)","561.45","631.45"
"A4 (210mm x 297mm)","Conqueror 100gsm Diamond White Laid","4C (Front)","900","Pad (100 pcs per pad)","588.05","658.05"
"A4 (210mm x 297mm)","Conqueror 100gsm Diamond White Laid","4C (Front)","1000","Pad (100 pcs per pad)","612.25","692.25"
"A4 (210mm x 297mm)","Conqueror 100gsm Diamond White Laid","4C (Front)","1100","Pad (100 pcs per pad)","641.30","731.30"
"A4 (210mm x 297mm)","Conqueror 100gsm Diamond White Laid","4C (Front)","1200","Pad (100 pcs per pad)","666.70","766.70"
"A4 (210mm x 297mm)","Conqueror 100gsm Diamond White Laid","4C (Front)","1300","Pad (100 pcs per pad)","692.10","792.10"
"A4 (210mm x 297mm)","Conqueror 100gsm Diamond White Laid","4C (Front)","1400","Pad (100 pcs per pad)","718.75","828.75"
"A4 (210mm x 297mm)","Conqueror 100gsm Diamond White Laid","4C (Front)","1500","Pad (100 pcs per pad)","744.15","864.15"
"A4 (210mm x 297mm)","Conqueror 100gsm White Wove","1C (Front)","500","Loose","289.20","329.20"
"A4 (210mm x 297mm)","Conqueror 100gsm White Wove","1C (Front)","600","Loose","315.80","365.80"
"A4 (210mm x 297mm)","Conqueror 100gsm White Wove","1C (Front)","700","Loose","341.20","401.20"
"A4 (210mm x 297mm)","Conqueror 100gsm White Wove","1C (Front)","800","Loose","367.85","437.85"
"A4 (210mm x 297mm)","Conqueror 100gsm White Wove","1C (Front)","900","Loose","394.45","464.45"
"A4 (210mm x 297mm)","Conqueror 100gsm White Wove","1C (Front)","1000","Loose","418.65","498.65"
"A4 (210mm x 297mm)","Conqueror 100gsm White Wove","1C (Front)","1100","Loose","445.30","535.30"
"A4 (210mm x 297mm)","Conqueror 100gsm White Wove","1C (Front)","1200","Loose","470.70","570.70"
"A4 (210mm x 297mm)","Conqueror 100gsm White Wove","1C (Front)","1300","Loose","497.30","597.30"
"A4 (210mm x 297mm)","Conqueror 100gsm White Wove","1C (Front)","1400","Loose","522.70","632.70"
"A4 (210mm x 297mm)","Conqueror 100gsm White Wove","1C (Front)","1500","Loose","548.15","668.15"
"A4 (210mm x 297mm)","Conqueror 100gsm White Wove","1C (Front)","500","Pad (100 pcs per pad)","294.05","334.05"
"A4 (210mm x 297mm)","Conqueror 100gsm White Wove","1C (Front)","600","Pad (100 pcs per pad)","320.65","370.65"
"A4 (210mm x 297mm)","Conqueror 100gsm White Wove","1C (Front)","700","Pad (100 pcs per pad)","347.25","407.25"
"A4 (210mm x 297mm)","Conqueror 100gsm White Wove","1C (Front)","800","Pad (100 pcs per pad)","372.70","442.70"
"A4 (210mm x 297mm)","Conqueror 100gsm White Wove","1C (Front)","900","Pad (100 pcs per pad)","399.30","469.30"
"A4 (210mm x 297mm)","Conqueror 100gsm White Wove","1C (Front)","1000","Pad (100 pcs per pad)","424.70","504.70"
"A4 (210mm x 297mm)","Conqueror 100gsm White Wove","1C (Front)","1100","Pad (100 pcs per pad)","451.35","541.35"
"A4 (210mm x 297mm)","Conqueror 100gsm White Wove","1C (Front)","1200","Pad (100 pcs per pad)","477.95","577.95"
"A4 (210mm x 297mm)","Conqueror 100gsm White Wove","1C (Front)","1300","Pad (100 pcs per pad)","503.35","603.35"
"A4 (210mm x 297mm)","Conqueror 100gsm White Wove","1C (Front)","1400","Pad (100 pcs per pad)","530.00","640.00"
"A4 (210mm x 297mm)","Conqueror 100gsm White Wove","1C (Front)","1500","Pad (100 pcs per pad)","555.40","675.40"
"A4 (210mm x 297mm)","Conqueror 100gsm White Wove","2C (Front)","500","Loose","398.10","438.10"
"A4 (210mm x 297mm)","Conqueror 100gsm White Wove","2C (Front)","600","Loose","424.70","474.70"
"A4 (210mm x 297mm)","Conqueror 100gsm White Wove","2C (Front)","700","Loose","450.10","510.10"
"A4 (210mm x 297mm)","Conqueror 100gsm White Wove","2C (Front)","800","Loose","476.75","546.75"
"A4 (210mm x 297mm)","Conqueror 100gsm White Wove","2C (Front)","900","Loose","502.15","572.15"
"A4 (210mm x 297mm)","Conqueror 100gsm White Wove","2C (Front)","1000","Loose","527.55","607.55"
"A4 (210mm x 297mm)","Conqueror 100gsm White Wove","2C (Front)","1100","Loose","552.95","642.95"
"A4 (210mm x 297mm)","Conqueror 100gsm White Wove","2C (Front)","1200","Loose","579.60","679.60"
"A4 (210mm x 297mm)","Conqueror 100gsm White Wove","2C (Front)","1300","Loose","606.20","706.20"
"A4 (210mm x 297mm)","Conqueror 100gsm White Wove","2C (Front)","1400","Loose","631.60","741.60"
"A4 (210mm x 297mm)","Conqueror 100gsm White Wove","2C (Front)","1500","Loose","657.05","777.05"
"A4 (210mm x 297mm)","Conqueror 100gsm White Wove","2C (Front)","500","Pad (100 pcs per pad)","401.70","441.70"
"A4 (210mm x 297mm)","Conqueror 100gsm White Wove","2C (Front)","600","Pad (100 pcs per pad)","429.55","479.55"
"A4 (210mm x 297mm)","Conqueror 100gsm White Wove","2C (Front)","700","Pad (100 pcs per pad)","456.15","516.15"
"A4 (210mm x 297mm)","Conqueror 100gsm White Wove","2C (Front)","800","Pad (100 pcs per pad)","481.60","551.60"
"A4 (210mm x 297mm)","Conqueror 100gsm White Wove","2C (Front)","900","Pad (100 pcs per pad)","508.20","578.20"
"A4 (210mm x 297mm)","Conqueror 100gsm White Wove","2C (Front)","1000","Pad (100 pcs per pad)","532.40","612.40"
"A4 (210mm x 297mm)","Conqueror 100gsm White Wove","2C (Front)","1100","Pad (100 pcs per pad)","560.25","650.25"
"A4 (210mm x 297mm)","Conqueror 100gsm White Wove","2C (Front)","1200","Pad (100 pcs per pad)","586.85","686.85"
"A4 (210mm x 297mm)","Conqueror 100gsm White Wove","2C (Front)","1300","Pad (100 pcs per pad)","612.25","712.25"
"A4 (210mm x 297mm)","Conqueror 100gsm White Wove","2C (Front)","1400","Pad (100 pcs per pad)","638.90","748.90"
"A4 (210mm x 297mm)","Conqueror 100gsm White Wove","2C (Front)","1500","Pad (100 pcs per pad)","663.10","783.10"
"A4 (210mm x 297mm)","Conqueror 100gsm White Wove","4C (Front)","500","Loose","477.95","517.95"
"A4 (210mm x 297mm)","Conqueror 100gsm White Wove","4C (Front)","600","Loose","503.35","553.35"
"A4 (210mm x 297mm)","Conqueror 100gsm White Wove","4C (Front)","700","Loose","531.20","591.20"
"A4 (210mm x 297mm)","Conqueror 100gsm White Wove","4C (Front)","800","Loose","556.60","626.60"
"A4 (210mm x 297mm)","Conqueror 100gsm White Wove","4C (Front)","900","Loose","582.00","652.00"
"A4 (210mm x 297mm)","Conqueror 100gsm White Wove","4C (Front)","1000","Loose","607.40","687.40"
"A4 (210mm x 297mm)","Conqueror 100gsm White Wove","4C (Front)","1100","Loose","634.05","724.05"
"A4 (210mm x 297mm)","Conqueror 100gsm White Wove","4C (Front)","1200","Loose","659.45","759.45"
"A4 (210mm x 297mm)","Conqueror 100gsm White Wove","4C (Front)","1300","Loose","684.85","784.85"
"A4 (210mm x 297mm)","Conqueror 100gsm White Wove","4C (Front)","1400","Loose","711.50","821.50"
"A4 (210mm x 297mm)","Conqueror 100gsm White Wove","4C (Front)","1500","Loose","738.10","858.10"
"A4 (210mm x 297mm)","Conqueror 100gsm White Wove","4C (Front)","500","Pad (100 pcs per pad)","481.60","521.60"
"A4 (210mm x 297mm)","Conqueror 100gsm White Wove","4C (Front)","600","Pad (100 pcs per pad)","509.40","559.40"
"A4 (210mm x 297mm)","Conqueror 100gsm White Wove","4C (Front)","700","Pad (100 pcs per pad)","537.25","597.25"
"A4 (210mm x 297mm)","Conqueror 100gsm White Wove","4C (Front)","800","Pad (100 pcs per pad)","561.45","631.45"
"A4 (210mm x 297mm)","Conqueror 100gsm White Wove","4C (Front)","900","Pad (100 pcs per pad)","588.05","658.05"
"A4 (210mm x 297mm)","Conqueror 100gsm White Wove","4C (Front)","1000","Pad (100 pcs per pad)","612.25","692.25"
"A4 (210mm x 297mm)","Conqueror 100gsm White Wove","4C (Front)","1100","Pad (100 pcs per pad)","641.30","731.30"
"A4 (210mm x 297mm)","Conqueror 100gsm White Wove","4C (Front)","1200","Pad (100 pcs per pad)","666.70","766.70"
"A4 (210mm x 297mm)","Conqueror 100gsm White Wove","4C (Front)","1300","Pad (100 pcs per pad)","692.10","792.10"
"A4 (210mm x 297mm)","Conqueror 100gsm White Wove","4C (Front)","1400","Pad (100 pcs per pad)","718.75","828.75"
"A4 (210mm x 297mm)","Conqueror 100gsm White Wove","4C (Front)","1500","Pad (100 pcs per pad)","744.15","864.15"
"A4 (210mm x 297mm)","Conqueror 100gsm Cream Laid","1C (Front)","500","Loose","289.20","329.20"
"A4 (210mm x 297mm)","Conqueror 100gsm Cream Laid","1C (Front)","600","Loose","315.80","365.80"
"A4 (210mm x 297mm)","Conqueror 100gsm Cream Laid","1C (Front)","700","Loose","341.20","401.20"
"A4 (210mm x 297mm)","Conqueror 100gsm Cream Laid","1C (Front)","800","Loose","367.85","437.85"
"A4 (210mm x 297mm)","Conqueror 100gsm Cream Laid","1C (Front)","900","Loose","394.45","464.45"
"A4 (210mm x 297mm)","Conqueror 100gsm Cream Laid","1C (Front)","1000","Loose","418.65","498.65"
"A4 (210mm x 297mm)","Conqueror 100gsm Cream Laid","1C (Front)","1100","Loose","445.30","535.30"
"A4 (210mm x 297mm)","Conqueror 100gsm Cream Laid","1C (Front)","1200","Loose","470.70","570.70"
"A4 (210mm x 297mm)","Conqueror 100gsm Cream Laid","1C (Front)","1300","Loose","497.30","597.30"
"A4 (210mm x 297mm)","Conqueror 100gsm Cream Laid","1C (Front)","1400","Loose","522.70","632.70"
"A4 (210mm x 297mm)","Conqueror 100gsm Cream Laid","1C (Front)","1500","Loose","548.15","668.15"
"A4 (210mm x 297mm)","Conqueror 100gsm Cream Laid","1C (Front)","500","Pad (100 pcs per pad)","294.05","334.05"
"A4 (210mm x 297mm)","Conqueror 100gsm Cream Laid","1C (Front)","600","Pad (100 pcs per pad)","320.65","370.65"
"A4 (210mm x 297mm)","Conqueror 100gsm Cream Laid","1C (Front)","700","Pad (100 pcs per pad)","347.25","407.25"
"A4 (210mm x 297mm)","Conqueror 100gsm Cream Laid","1C (Front)","800","Pad (100 pcs per pad)","372.70","442.70"
"A4 (210mm x 297mm)","Conqueror 100gsm Cream Laid","1C (Front)","900","Pad (100 pcs per pad)","399.30","469.30"
"A4 (210mm x 297mm)","Conqueror 100gsm Cream Laid","1C (Front)","1000","Pad (100 pcs per pad)","424.70","504.70"
"A4 (210mm x 297mm)","Conqueror 100gsm Cream Laid","1C (Front)","1100","Pad (100 pcs per pad)","451.35","541.35"
"A4 (210mm x 297mm)","Conqueror 100gsm Cream Laid","1C (Front)","1200","Pad (100 pcs per pad)","477.95","577.95"
"A4 (210mm x 297mm)","Conqueror 100gsm Cream Laid","1C (Front)","1300","Pad (100 pcs per pad)","503.35","603.35"
"A4 (210mm x 297mm)","Conqueror 100gsm Cream Laid","1C (Front)","1400","Pad (100 pcs per pad)","530.00","640.00"
"A4 (210mm x 297mm)","Conqueror 100gsm Cream Laid","1C (Front)","1500","Pad (100 pcs per pad)","555.40","675.40"
"A4 (210mm x 297mm)","Conqueror 100gsm Cream Laid","2C (Front)","500","Loose","398.10","438.10"
"A4 (210mm x 297mm)","Conqueror 100gsm Cream Laid","2C (Front)","600","Loose","424.70","474.70"
"A4 (210mm x 297mm)","Conqueror 100gsm Cream Laid","2C (Front)","700","Loose","450.10","510.10"
"A4 (210mm x 297mm)","Conqueror 100gsm Cream Laid","2C (Front)","800","Loose","476.75","546.75"
"A4 (210mm x 297mm)","Conqueror 100gsm Cream Laid","2C (Front)","900","Loose","502.15","572.15"
"A4 (210mm x 297mm)","Conqueror 100gsm Cream Laid","2C (Front)","1000","Loose","527.55","607.55"
"A4 (210mm x 297mm)","Conqueror 100gsm Cream Laid","2C (Front)","1100","Loose","552.95","642.95"
"A4 (210mm x 297mm)","Conqueror 100gsm Cream Laid","2C (Front)","1200","Loose","579.60","679.60"
"A4 (210mm x 297mm)","Conqueror 100gsm Cream Laid","2C (Front)","1300","Loose","606.20","706.20"
"A4 (210mm x 297mm)","Conqueror 100gsm Cream Laid","2C (Front)","1400","Loose","631.60","741.60"
"A4 (210mm x 297mm)","Conqueror 100gsm Cream Laid","2C (Front)","1500","Loose","657.05","777.05"
"A4 (210mm x 297mm)","Conqueror 100gsm Cream Laid","2C (Front)","500","Pad (100 pcs per pad)","401.70","441.70"
"A4 (210mm x 297mm)","Conqueror 100gsm Cream Laid","2C (Front)","600","Pad (100 pcs per pad)","429.55","479.55"
"A4 (210mm x 297mm)","Conqueror 100gsm Cream Laid","2C (Front)","700","Pad (100 pcs per pad)","456.15","516.15"
"A4 (210mm x 297mm)","Conqueror 100gsm Cream Laid","2C (Front)","800","Pad (100 pcs per pad)","481.60","551.60"
"A4 (210mm x 297mm)","Conqueror 100gsm Cream Laid","2C (Front)","900","Pad (100 pcs per pad)","508.20","578.20"
"A4 (210mm x 297mm)","Conqueror 100gsm Cream Laid","2C (Front)","1000","Pad (100 pcs per pad)","532.40","612.40"
"A4 (210mm x 297mm)","Conqueror 100gsm Cream Laid","2C (Front)","1100","Pad (100 pcs per pad)","560.25","650.25"
"A4 (210mm x 297mm)","Conqueror 100gsm Cream Laid","2C (Front)","1200","Pad (100 pcs per pad)","586.85","686.85"
"A4 (210mm x 297mm)","Conqueror 100gsm Cream Laid","2C (Front)","1300","Pad (100 pcs per pad)","612.25","712.25"
"A4 (210mm x 297mm)","Conqueror 100gsm Cream Laid","2C (Front)","1400","Pad (100 pcs per pad)","638.90","748.90"
"A4 (210mm x 297mm)","Conqueror 100gsm Cream Laid","2C (Front)","1500","Pad (100 pcs per pad)","663.10","783.10"
"A4 (210mm x 297mm)","Conqueror 100gsm Cream Laid","4C (Front)","500","Loose","477.95","517.95"
"A4 (210mm x 297mm)","Conqueror 100gsm Cream Laid","4C (Front)","600","Loose","503.35","553.35"
"A4 (210mm x 297mm)","Conqueror 100gsm Cream Laid","4C (Front)","700","Loose","531.20","591.20"
"A4 (210mm x 297mm)","Conqueror 100gsm Cream Laid","4C (Front)","800","Loose","556.60","626.60"
"A4 (210mm x 297mm)","Conqueror 100gsm Cream Laid","4C (Front)","900","Loose","582.00","652.00"
"A4 (210mm x 297mm)","Conqueror 100gsm Cream Laid","4C (Front)","1000","Loose","607.40","687.40"
"A4 (210mm x 297mm)","Conqueror 100gsm Cream Laid","4C (Front)","1100","Loose","634.05","724.05"
"A4 (210mm x 297mm)","Conqueror 100gsm Cream Laid","4C (Front)","1200","Loose","659.45","759.45"
"A4 (210mm x 297mm)","Conqueror 100gsm Cream Laid","4C (Front)","1300","Loose","684.85","784.85"
"A4 (210mm x 297mm)","Conqueror 100gsm Cream Laid","4C (Front)","1400","Loose","711.50","821.50"
"A4 (210mm x 297mm)","Conqueror 100gsm Cream Laid","4C (Front)","1500","Loose","738.10","858.10"
"A4 (210mm x 297mm)","Conqueror 100gsm Cream Laid","4C (Front)","500","Pad (100 pcs per pad)","481.60","521.60"
"A4 (210mm x 297mm)","Conqueror 100gsm Cream Laid","4C (Front)","600","Pad (100 pcs per pad)","509.40","559.40"
"A4 (210mm x 297mm)","Conqueror 100gsm Cream Laid","4C (Front)","700","Pad (100 pcs per pad)","537.25","597.25"
"A4 (210mm x 297mm)","Conqueror 100gsm Cream Laid","4C (Front)","800","Pad (100 pcs per pad)","561.45","631.45"
"A4 (210mm x 297mm)","Conqueror 100gsm Cream Laid","4C (Front)","900","Pad (100 pcs per pad)","588.05","658.05"
"A4 (210mm x 297mm)","Conqueror 100gsm Cream Laid","4C (Front)","1000","Pad (100 pcs per pad)","612.25","692.25"
"A4 (210mm x 297mm)","Conqueror 100gsm Cream Laid","4C (Front)","1100","Pad (100 pcs per pad)","641.30","731.30"
"A4 (210mm x 297mm)","Conqueror 100gsm Cream Laid","4C (Front)","1200","Pad (100 pcs per pad)","666.70","766.70"
"A4 (210mm x 297mm)","Conqueror 100gsm Cream Laid","4C (Front)","1300","Pad (100 pcs per pad)","692.10","792.10"
"A4 (210mm x 297mm)","Conqueror 100gsm Cream Laid","4C (Front)","1400","Pad (100 pcs per pad)","718.75","828.75"
"A4 (210mm x 297mm)","Conqueror 100gsm Cream Laid","4C (Front)","1500","Pad (100 pcs per pad)","744.15","864.15"
