"Category","Model","Size","Package","Paper","Print Colour","Packing Method","Finishing","Mix Design","Compulsory","Quantity (Pcs)","Weight","Print Method","WM Price","EM Price"
"Standard Money Packet","MP 101MP 103MP 104","154mm x 79.5mm79.5mm x 154mm85mm x 167mm","NormalDual Design5 Design6 Design","Gloss Art Paper 130gsmLinen 140gsmArt Paper 157gsm","4C (Front)","5pcs / Pack6pcs / Pack8pcs / Pack10pcs / Pack","N/AMatte LaminationSoft Touch Lamination","NoYes","Die-Cutting, Gluing + Folding","6001250250050001000015000200002500030000400005000060000700008000090000100000","471326517610112615220225230335340445450481428558211013716421927332838343749254691632639515818931537844156763015306090120150180240300360419479539599183570104139174208278347416486555624693173365981301621952593243894535185836475103672108144215287359430502573645717204080160200320399559639719798669913216519826433039646152759365952244575852550100","DOLO","WM Price","EM Price"
"Standard Money Packet","MP 101","154mm x 79.5mm","Normal","Gloss Art Paper 130gsm","4C (Front)","5pcs / Pack","N/A","No","Die-Cutting, Gluing + Folding","600","4","DO","212.00","252.00"
"Standard Money Packet","MP 101","154mm x 79.5mm","Normal","Gloss Art Paper 130gsm","4C (Front)","5pcs / Pack","N/A","No","Die-Cutting, Gluing + Folding","1250","7","DO","247.00","317.00"
"Standard Money Packet","MP 101","154mm x 79.5mm","Normal","Gloss Art Paper 130gsm","4C (Front)","5pcs / Pack","N/A","No","Die-Cutting, Gluing + Folding","2500","13","LO","378.00","508.00"
"Standard Money Packet","MP 101","154mm x 79.5mm","Normal","Gloss Art Paper 130gsm","4C (Front)","5pcs / Pack","N/A","No","Die-Cutting, Gluing + Folding","5000","26","LO","665.00","925.00"
"Standard Money Packet","MP 101","154mm x 79.5mm","Normal","Gloss Art Paper 130gsm","4C (Front)","5pcs / Pack","N/A","No","Die-Cutting, Gluing + Folding","10000","51","LO","965.00","1475.00"
"Standard Money Packet","MP 101","154mm x 79.5mm","Normal","Gloss Art Paper 130gsm","4C (Front)","5pcs / Pack","N/A","No","Die-Cutting, Gluing + Folding","15000","76","LO","1222.00","1982.00"
"Standard Money Packet","MP 101","154mm x 79.5mm","Normal","Gloss Art Paper 130gsm","4C (Front)","5pcs / Pack","N/A","No","Die-Cutting, Gluing + Folding","20000","101","LO","1525.00","2535.00"
"Standard Money Packet","MP 101","154mm x 79.5mm","Normal","Gloss Art Paper 130gsm","4C (Front)","5pcs / Pack","N/A","No","Die-Cutting, Gluing + Folding","25000","126","LO","1783.00","3043.00"
"Standard Money Packet","MP 101","154mm x 79.5mm","Normal","Gloss Art Paper 130gsm","4C (Front)","5pcs / Pack","N/A","No","Die-Cutting, Gluing + Folding","30000","152","LO","2100.00","3620.00"
"Standard Money Packet","MP 101","154mm x 79.5mm","Normal","Gloss Art Paper 130gsm","4C (Front)","5pcs / Pack","N/A","No","Die-Cutting, Gluing + Folding","40000","202","LO","2793.00","4813.00"
"Standard Money Packet","MP 101","154mm x 79.5mm","Normal","Gloss Art Paper 130gsm","4C (Front)","5pcs / Pack","N/A","No","Die-Cutting, Gluing + Folding","50000","252","LO","3467.00","5987.00"
"Standard Money Packet","MP 101","154mm x 79.5mm","Normal","Gloss Art Paper 130gsm","4C (Front)","5pcs / Pack","N/A","No","Die-Cutting, Gluing + Folding","60000","303","LO","3916.00","6946.00"
"Standard Money Packet","MP 101","154mm x 79.5mm","Normal","Gloss Art Paper 130gsm","4C (Front)","5pcs / Pack","N/A","No","Die-Cutting, Gluing + Folding","70000","353","LO","4534.00","8064.00"
"Standard Money Packet","MP 101","154mm x 79.5mm","Normal","Gloss Art Paper 130gsm","4C (Front)","5pcs / Pack","N/A","No","Die-Cutting, Gluing + Folding","80000","404","LO","5151.00","9191.00"
"Standard Money Packet","MP 101","154mm x 79.5mm","Normal","Gloss Art Paper 130gsm","4C (Front)","5pcs / Pack","N/A","No","Die-Cutting, Gluing + Folding","90000","454","LO","5712.00","10252.00"
"Standard Money Packet","MP 101","154mm x 79.5mm","Normal","Gloss Art Paper 130gsm","4C (Front)","5pcs / Pack","N/A","No","Die-Cutting, Gluing + Folding","100000","504","LO","6274.00","11314.00"
"Standard Money Packet","MP 101","154mm x 79.5mm","Normal","Gloss Art Paper 130gsm","4C (Front)","6pcs / Pack","N/A","No","Die-Cutting, Gluing + Folding","600","4","DO","212.00","252.00"
"Standard Money Packet","MP 101","154mm x 79.5mm","Normal","Gloss Art Paper 130gsm","4C (Front)","6pcs / Pack","N/A","No","Die-Cutting, Gluing + Folding","15000","76","LO","1222.00","1982.00"
"Standard Money Packet","MP 101","154mm x 79.5mm","Normal","Gloss Art Paper 130gsm","4C (Front)","6pcs / Pack","N/A","No","Die-Cutting, Gluing + Folding","30000","152","LO","2100.00","3620.00"
"Standard Money Packet","MP 101","154mm x 79.5mm","Normal","Gloss Art Paper 130gsm","4C (Front)","6pcs / Pack","N/A","No","Die-Cutting, Gluing + Folding","60000","303","LO","3916.00","6946.00"
"Standard Money Packet","MP 101","154mm x 79.5mm","Normal","Gloss Art Paper 130gsm","4C (Front)","6pcs / Pack","N/A","No","Die-Cutting, Gluing + Folding","90000","454","LO","5712.00","10252.00"
"Standard Money Packet","MP 101","154mm x 79.5mm","Normal","Gloss Art Paper 130gsm","4C (Front)","8pcs / Pack","N/A","No","Die-Cutting, Gluing + Folding","600","4","DO","212.00","252.00"
"Standard Money Packet","MP 101","154mm x 79.5mm","Normal","Gloss Art Paper 130gsm","4C (Front)","8pcs / Pack","N/A","No","Die-Cutting, Gluing + Folding","5000","26","LO","665.00","925.00"
"Standard Money Packet","MP 101","154mm x 79.5mm","Normal","Gloss Art Paper 130gsm","4C (Front)","8pcs / Pack","N/A","No","Die-Cutting, Gluing + Folding","10000","51","LO","965.00","1475.00"
"Standard Money Packet","MP 101","154mm x 79.5mm","Normal","Gloss Art Paper 130gsm","4C (Front)","8pcs / Pack","N/A","No","Die-Cutting, Gluing + Folding","15000","76","LO","1222.00","1982.00"
"Standard Money Packet","MP 101","154mm x 79.5mm","Normal","Gloss Art Paper 130gsm","4C (Front)","8pcs / Pack","N/A","No","Die-Cutting, Gluing + Folding","20000","101","LO","1525.00","2535.00"
"Standard Money Packet","MP 101","154mm x 79.5mm","Normal","Gloss Art Paper 130gsm","4C (Front)","8pcs / Pack","N/A","No","Die-Cutting, Gluing + Folding","25000","126","LO","1783.00","3043.00"
"Standard Money Packet","MP 101","154mm x 79.5mm","Normal","Gloss Art Paper 130gsm","4C (Front)","8pcs / Pack","N/A","No","Die-Cutting, Gluing + Folding","30000","152","LO","2100.00","3620.00"
"Standard Money Packet","MP 101","154mm x 79.5mm","Normal","Gloss Art Paper 130gsm","4C (Front)","8pcs / Pack","N/A","No","Die-Cutting, Gluing + Folding","40000","202","LO","2793.00","4813.00"
"Standard Money Packet","MP 101","154mm x 79.5mm","Normal","Gloss Art Paper 130gsm","4C (Front)","8pcs / Pack","N/A","No","Die-Cutting, Gluing + Folding","50000","252","LO","3467.00","5987.00"
"Standard Money Packet","MP 101","154mm x 79.5mm","Normal","Gloss Art Paper 130gsm","4C (Front)","8pcs / Pack","N/A","No","Die-Cutting, Gluing + Folding","60000","303","LO","3916.00","6946.00"
"Standard Money Packet","MP 101","154mm x 79.5mm","Normal","Gloss Art Paper 130gsm","4C (Front)","8pcs / Pack","N/A","No","Die-Cutting, Gluing + Folding","70000","353","LO","4534.00","8064.00"
"Standard Money Packet","MP 101","154mm x 79.5mm","Normal","Gloss Art Paper 130gsm","4C (Front)","8pcs / Pack","N/A","No","Die-Cutting, Gluing + Folding","80000","404","LO","5151.00","9191.00"
"Standard Money Packet","MP 101","154mm x 79.5mm","Normal","Gloss Art Paper 130gsm","4C (Front)","8pcs / Pack","N/A","No","Die-Cutting, Gluing + Folding","90000","454","LO","5712.00","10252.00"
"Standard Money Packet","MP 101","154mm x 79.5mm","Normal","Gloss Art Paper 130gsm","4C (Front)","8pcs / Pack","N/A","No","Die-Cutting, Gluing + Folding","100000","504","LO","6274.00","11314.00"
"Standard Money Packet","MP 101","154mm x 79.5mm","Normal","Gloss Art Paper 130gsm","4C (Front)","10pcs / Pack","N/A","No","Die-Cutting, Gluing + Folding","600","4","DO","212.00","252.00"
"Standard Money Packet","MP 101","154mm x 79.5mm","Normal","Gloss Art Paper 130gsm","4C (Front)","10pcs / Pack","N/A","No","Die-Cutting, Gluing + Folding","1250","7","DO","247.00","317.00"
"Standard Money Packet","MP 101","154mm x 79.5mm","Normal","Gloss Art Paper 130gsm","4C (Front)","10pcs / Pack","N/A","No","Die-Cutting, Gluing + Folding","2500","13","LO","378.00","508.00"
"Standard Money Packet","MP 101","154mm x 79.5mm","Normal","Gloss Art Paper 130gsm","4C (Front)","10pcs / Pack","N/A","No","Die-Cutting, Gluing + Folding","5000","26","LO","665.00","925.00"
"Standard Money Packet","MP 101","154mm x 79.5mm","Normal","Gloss Art Paper 130gsm","4C (Front)","10pcs / Pack","N/A","No","Die-Cutting, Gluing + Folding","10000","51","LO","965.00","1475.00"
"Standard Money Packet","MP 101","154mm x 79.5mm","Normal","Gloss Art Paper 130gsm","4C (Front)","10pcs / Pack","N/A","No","Die-Cutting, Gluing + Folding","15000","76","LO","1222.00","1982.00"
"Standard Money Packet","MP 101","154mm x 79.5mm","Normal","Gloss Art Paper 130gsm","4C (Front)","10pcs / Pack","N/A","No","Die-Cutting, Gluing + Folding","20000","101","LO","1525.00","2535.00"
"Standard Money Packet","MP 101","154mm x 79.5mm","Normal","Gloss Art Paper 130gsm","4C (Front)","10pcs / Pack","N/A","No","Die-Cutting, Gluing + Folding","25000","126","LO","1783.00","3043.00"
"Standard Money Packet","MP 101","154mm x 79.5mm","Normal","Gloss Art Paper 130gsm","4C (Front)","10pcs / Pack","N/A","No","Die-Cutting, Gluing + Folding","30000","152","LO","2100.00","3620.00"
"Standard Money Packet","MP 101","154mm x 79.5mm","Normal","Gloss Art Paper 130gsm","4C (Front)","10pcs / Pack","N/A","No","Die-Cutting, Gluing + Folding","40000","202","LO","2793.00","4813.00"
"Standard Money Packet","MP 101","154mm x 79.5mm","Normal","Gloss Art Paper 130gsm","4C (Front)","10pcs / Pack","N/A","No","Die-Cutting, Gluing + Folding","50000","252","LO","3467.00","5987.00"
"Standard Money Packet","MP 101","154mm x 79.5mm","Normal","Gloss Art Paper 130gsm","4C (Front)","10pcs / Pack","N/A","No","Die-Cutting, Gluing + Folding","60000","303","LO","3916.00","6946.00"
"Standard Money Packet","MP 101","154mm x 79.5mm","Normal","Gloss Art Paper 130gsm","4C (Front)","10pcs / Pack","N/A","No","Die-Cutting, Gluing + Folding","70000","353","LO","4534.00","8064.00"
"Standard Money Packet","MP 101","154mm x 79.5mm","Normal","Gloss Art Paper 130gsm","4C (Front)","10pcs / Pack","N/A","No","Die-Cutting, Gluing + Folding","80000","404","LO","5151.00","9191.00"
"Standard Money Packet","MP 101","154mm x 79.5mm","Normal","Gloss Art Paper 130gsm","4C (Front)","10pcs / Pack","N/A","No","Die-Cutting, Gluing + Folding","90000","454","LO","5712.00","10252.00"
"Standard Money Packet","MP 101","154mm x 79.5mm","Normal","Gloss Art Paper 130gsm","4C (Front)","10pcs / Pack","N/A","No","Die-Cutting, Gluing + Folding","100000","504","LO","6274.00","11314.00"
"Standard Money Packet","MP 103","79.5mm x 154mm","Normal","Gloss Art Paper 130gsm","4C (Front)","5pcs / Pack","N/A","No","Die-Cutting, Gluing + Folding","600","4","DO","262.00","302.00"
"Standard Money Packet","MP 103","79.5mm x 154mm","Normal","Gloss Art Paper 130gsm","4C (Front)","5pcs / Pack","N/A","No","Die-Cutting, Gluing + Folding","1250","8","DO","297.00","377.00"
"Standard Money Packet","MP 103","79.5mm x 154mm","Normal","Gloss Art Paper 130gsm","4C (Front)","5pcs / Pack","N/A","No","Die-Cutting, Gluing + Folding","2500","14","LO","460.00","600.00"
"Standard Money Packet","MP 103","79.5mm x 154mm","Normal","Gloss Art Paper 130gsm","4C (Front)","5pcs / Pack","N/A","No","Die-Cutting, Gluing + Folding","5000","28","LO","809.00","1089.00"
"Standard Money Packet","MP 103","79.5mm x 154mm","Normal","Gloss Art Paper 130gsm","4C (Front)","5pcs / Pack","N/A","No","Die-Cutting, Gluing + Folding","10000","55","LO","1131.00","1681.00"
"Standard Money Packet","MP 103","79.5mm x 154mm","Normal","Gloss Art Paper 130gsm","4C (Front)","5pcs / Pack","N/A","No","Die-Cutting, Gluing + Folding","15000","82","LO","1449.00","2269.00"
"Standard Money Packet","MP 103","79.5mm x 154mm","Normal","Gloss Art Paper 130gsm","4C (Front)","5pcs / Pack","N/A","No","Die-Cutting, Gluing + Folding","20000","110","LO","1857.00","2957.00"
"Standard Money Packet","MP 103","79.5mm x 154mm","Normal","Gloss Art Paper 130gsm","4C (Front)","5pcs / Pack","N/A","No","Die-Cutting, Gluing + Folding","25000","137","LO","2125.00","3495.00"
"Standard Money Packet","MP 103","79.5mm x 154mm","Normal","Gloss Art Paper 130gsm","4C (Front)","5pcs / Pack","N/A","No","Die-Cutting, Gluing + Folding","30000","164","LO","2386.00","4026.00"
"Standard Money Packet","MP 103","79.5mm x 154mm","Normal","Gloss Art Paper 130gsm","4C (Front)","5pcs / Pack","N/A","No","Die-Cutting, Gluing + Folding","40000","219","LO","3144.00","5334.00"
"Standard Money Packet","MP 103","79.5mm x 154mm","Normal","Gloss Art Paper 130gsm","4C (Front)","5pcs / Pack","N/A","No","Die-Cutting, Gluing + Folding","50000","273","LO","3870.00","6600.00"
"Standard Money Packet","MP 103","79.5mm x 154mm","Normal","Gloss Art Paper 130gsm","4C (Front)","5pcs / Pack","N/A","No","Die-Cutting, Gluing + Folding","60000","328","LO","4486.00","7766.00"
"Standard Money Packet","MP 103","79.5mm x 154mm","Normal","Gloss Art Paper 130gsm","4C (Front)","5pcs / Pack","N/A","No","Die-Cutting, Gluing + Folding","70000","383","LO","5213.00","9043.00"
"Standard Money Packet","MP 103","79.5mm x 154mm","Normal","Gloss Art Paper 130gsm","4C (Front)","5pcs / Pack","N/A","No","Die-Cutting, Gluing + Folding","80000","437","LO","5926.00","10296.00"
"Standard Money Packet","MP 103","79.5mm x 154mm","Normal","Gloss Art Paper 130gsm","4C (Front)","5pcs / Pack","N/A","No","Die-Cutting, Gluing + Folding","90000","492","LO","6553.00","11473.00"
"Standard Money Packet","MP 103","79.5mm x 154mm","Normal","Gloss Art Paper 130gsm","4C (Front)","5pcs / Pack","N/A","No","Die-Cutting, Gluing + Folding","100000","546","LO","7159.00","12619.00"
"Standard Money Packet","MP 103","79.5mm x 154mm","Normal","Gloss Art Paper 130gsm","4C (Front)","6pcs / Pack","N/A","No","Die-Cutting, Gluing + Folding","600","4","DO","262.00","302.00"
"Standard Money Packet","MP 103","79.5mm x 154mm","Normal","Gloss Art Paper 130gsm","4C (Front)","6pcs / Pack","N/A","No","Die-Cutting, Gluing + Folding","15000","82","LO","1449.00","2269.00"
"Standard Money Packet","MP 103","79.5mm x 154mm","Normal","Gloss Art Paper 130gsm","4C (Front)","6pcs / Pack","N/A","No","Die-Cutting, Gluing + Folding","30000","164","LO","2386.00","4026.00"
"Standard Money Packet","MP 103","79.5mm x 154mm","Normal","Gloss Art Paper 130gsm","4C (Front)","6pcs / Pack","N/A","No","Die-Cutting, Gluing + Folding","60000","328","LO","4486.00","7766.00"
"Standard Money Packet","MP 103","79.5mm x 154mm","Normal","Gloss Art Paper 130gsm","4C (Front)","6pcs / Pack","N/A","No","Die-Cutting, Gluing + Folding","90000","492","LO","6553.00","11473.00"
"Standard Money Packet","MP 103","79.5mm x 154mm","Normal","Gloss Art Paper 130gsm","4C (Front)","8pcs / Pack","N/A","No","Die-Cutting, Gluing + Folding","600","4","DO","262.00","302.00"
"Standard Money Packet","MP 103","79.5mm x 154mm","Normal","Gloss Art Paper 130gsm","4C (Front)","8pcs / Pack","N/A","No","Die-Cutting, Gluing + Folding","5000","28","LO","809.00","1089.00"
"Standard Money Packet","MP 103","79.5mm x 154mm","Normal","Gloss Art Paper 130gsm","4C (Front)","8pcs / Pack","N/A","No","Die-Cutting, Gluing + Folding","10000","55","LO","1131.00","1681.00"
"Standard Money Packet","MP 103","79.5mm x 154mm","Normal","Gloss Art Paper 130gsm","4C (Front)","8pcs / Pack","N/A","No","Die-Cutting, Gluing + Folding","15000","82","LO","1449.00","2269.00"
"Standard Money Packet","MP 103","79.5mm x 154mm","Normal","Gloss Art Paper 130gsm","4C (Front)","8pcs / Pack","N/A","No","Die-Cutting, Gluing + Folding","20000","110","LO","1857.00","2957.00"
"Standard Money Packet","MP 103","79.5mm x 154mm","Normal","Gloss Art Paper 130gsm","4C (Front)","8pcs / Pack","N/A","No","Die-Cutting, Gluing + Folding","25000","137","LO","2125.00","3495.00"
"Standard Money Packet","MP 103","79.5mm x 154mm","Normal","Gloss Art Paper 130gsm","4C (Front)","8pcs / Pack","N/A","No","Die-Cutting, Gluing + Folding","30000","164","LO","2386.00","4026.00"
"Standard Money Packet","MP 103","79.5mm x 154mm","Normal","Gloss Art Paper 130gsm","4C (Front)","8pcs / Pack","N/A","No","Die-Cutting, Gluing + Folding","40000","219","LO","3144.00","5334.00"
"Standard Money Packet","MP 103","79.5mm x 154mm","Normal","Gloss Art Paper 130gsm","4C (Front)","8pcs / Pack","N/A","No","Die-Cutting, Gluing + Folding","50000","273","LO","3870.00","6600.00"
"Standard Money Packet","MP 103","79.5mm x 154mm","Normal","Gloss Art Paper 130gsm","4C (Front)","8pcs / Pack","N/A","No","Die-Cutting, Gluing + Folding","60000","328","LO","4486.00","7766.00"
"Standard Money Packet","MP 103","79.5mm x 154mm","Normal","Gloss Art Paper 130gsm","4C (Front)","8pcs / Pack","N/A","No","Die-Cutting, Gluing + Folding","70000","383","LO","5213.00","9043.00"
"Standard Money Packet","MP 103","79.5mm x 154mm","Normal","Gloss Art Paper 130gsm","4C (Front)","8pcs / Pack","N/A","No","Die-Cutting, Gluing + Folding","80000","437","LO","5926.00","10296.00"
"Standard Money Packet","MP 103","79.5mm x 154mm","Normal","Gloss Art Paper 130gsm","4C (Front)","8pcs / Pack","N/A","No","Die-Cutting, Gluing + Folding","90000","492","LO","6553.00","11473.00"
"Standard Money Packet","MP 103","79.5mm x 154mm","Normal","Gloss Art Paper 130gsm","4C (Front)","8pcs / Pack","N/A","No","Die-Cutting, Gluing + Folding","100000","546","LO","7159.00","12619.00"
"Standard Money Packet","MP 103","79.5mm x 154mm","Normal","Gloss Art Paper 130gsm","4C (Front)","10pcs / Pack","N/A","No","Die-Cutting, Gluing + Folding","600","4","DO","262.00","302.00"
"Standard Money Packet","MP 103","79.5mm x 154mm","Normal","Gloss Art Paper 130gsm","4C (Front)","10pcs / Pack","N/A","No","Die-Cutting, Gluing + Folding","1250","8","DO","297.00","377.00"
"Standard Money Packet","MP 103","79.5mm x 154mm","Normal","Gloss Art Paper 130gsm","4C (Front)","10pcs / Pack","N/A","No","Die-Cutting, Gluing + Folding","2500","14","LO","460.00","600.00"
"Standard Money Packet","MP 103","79.5mm x 154mm","Normal","Gloss Art Paper 130gsm","4C (Front)","10pcs / Pack","N/A","No","Die-Cutting, Gluing + Folding","5000","28","LO","809.00","1089.00"
"Standard Money Packet","MP 103","79.5mm x 154mm","Normal","Gloss Art Paper 130gsm","4C (Front)","10pcs / Pack","N/A","No","Die-Cutting, Gluing + Folding","10000","55","LO","1131.00","1681.00"
"Standard Money Packet","MP 103","79.5mm x 154mm","Normal","Gloss Art Paper 130gsm","4C (Front)","10pcs / Pack","N/A","No","Die-Cutting, Gluing + Folding","15000","82","LO","1449.00","2269.00"
"Standard Money Packet","MP 103","79.5mm x 154mm","Normal","Gloss Art Paper 130gsm","4C (Front)","10pcs / Pack","N/A","No","Die-Cutting, Gluing + Folding","20000","110","LO","1857.00","2957.00"
"Standard Money Packet","MP 103","79.5mm x 154mm","Normal","Gloss Art Paper 130gsm","4C (Front)","10pcs / Pack","N/A","No","Die-Cutting, Gluing + Folding","25000","137","LO","2125.00","3495.00"
"Standard Money Packet","MP 103","79.5mm x 154mm","Normal","Gloss Art Paper 130gsm","4C (Front)","10pcs / Pack","N/A","No","Die-Cutting, Gluing + Folding","30000","164","LO","2386.00","4026.00"
"Standard Money Packet","MP 103","79.5mm x 154mm","Normal","Gloss Art Paper 130gsm","4C (Front)","10pcs / Pack","N/A","No","Die-Cutting, Gluing + Folding","40000","219","LO","3144.00","5334.00"
"Standard Money Packet","MP 103","79.5mm x 154mm","Normal","Gloss Art Paper 130gsm","4C (Front)","10pcs / Pack","N/A","No","Die-Cutting, Gluing + Folding","50000","273","LO","3870.00","6600.00"
"Standard Money Packet","MP 103","79.5mm x 154mm","Normal","Gloss Art Paper 130gsm","4C (Front)","10pcs / Pack","N/A","No","Die-Cutting, Gluing + Folding","60000","328","LO","4486.00","7766.00"
"Standard Money Packet","MP 103","79.5mm x 154mm","Normal","Gloss Art Paper 130gsm","4C (Front)","10pcs / Pack","N/A","No","Die-Cutting, Gluing + Folding","70000","383","LO","5213.00","9043.00"
"Standard Money Packet","MP 103","79.5mm x 154mm","Normal","Gloss Art Paper 130gsm","4C (Front)","10pcs / Pack","N/A","No","Die-Cutting, Gluing + Folding","80000","437","LO","5926.00","10296.00"
"Standard Money Packet","MP 103","79.5mm x 154mm","Normal","Gloss Art Paper 130gsm","4C (Front)","10pcs / Pack","N/A","No","Die-Cutting, Gluing + Folding","90000","492","LO","6553.00","11473.00"
"Standard Money Packet","MP 103","79.5mm x 154mm","Normal","Gloss Art Paper 130gsm","4C (Front)","10pcs / Pack","N/A","No","Die-Cutting, Gluing + Folding","100000","546","LO","7159.00","12619.00"
"Standard Money Packet","MP 104","85mm x 167mm","Normal","Gloss Art Paper 130gsm","4C (Front)","5pcs / Pack","N/A","No","Die-Cutting, Gluing + Folding","600","4","DO","212.00","252.00"
"Standard Money Packet","MP 104","85mm x 167mm","Normal","Gloss Art Paper 130gsm","4C (Front)","5pcs / Pack","N/A","No","Die-Cutting, Gluing + Folding","1250","9","DO","247.00","337.00"
"Standard Money Packet","MP 104","85mm x 167mm","Normal","Gloss Art Paper 130gsm","4C (Front)","5pcs / Pack","N/A","No","Die-Cutting, Gluing + Folding","2500","16","LO","378.00","538.00"
"Standard Money Packet","MP 104","85mm x 167mm","Normal","Gloss Art Paper 130gsm","4C (Front)","5pcs / Pack","N/A","No","Die-Cutting, Gluing + Folding","5000","32","LO","665.00","985.00"
"Standard Money Packet","MP 104","85mm x 167mm","Normal","Gloss Art Paper 130gsm","4C (Front)","5pcs / Pack","N/A","No","Die-Cutting, Gluing + Folding","10000","63","LO","965.00","1595.00"
"Standard Money Packet","MP 104","85mm x 167mm","Normal","Gloss Art Paper 130gsm","4C (Front)","5pcs / Pack","N/A","No","Die-Cutting, Gluing + Folding","15000","95","LO","1222.00","2172.00"
"Standard Money Packet","MP 104","85mm x 167mm","Normal","Gloss Art Paper 130gsm","4C (Front)","5pcs / Pack","N/A","No","Die-Cutting, Gluing + Folding","20000","126","LO","1525.00","2785.00"
"Standard Money Packet","MP 104","85mm x 167mm","Normal","Gloss Art Paper 130gsm","4C (Front)","5pcs / Pack","N/A","No","Die-Cutting, Gluing + Folding","25000","158","LO","1783.00","3363.00"
"Standard Money Packet","MP 104","85mm x 167mm","Normal","Gloss Art Paper 130gsm","4C (Front)","5pcs / Pack","N/A","No","Die-Cutting, Gluing + Folding","30000","189","LO","2100.00","3990.00"
"Standard Money Packet","MP 104","85mm x 167mm","Normal","Gloss Art Paper 130gsm","4C (Front)","5pcs / Pack","N/A","No","Die-Cutting, Gluing + Folding","40000","252","LO","2793.00","5313.00"
"Standard Money Packet","MP 104","85mm x 167mm","Normal","Gloss Art Paper 130gsm","4C (Front)","5pcs / Pack","N/A","No","Die-Cutting, Gluing + Folding","50000","315","LO","3467.00","6617.00"
"Standard Money Packet","MP 104","85mm x 167mm","Normal","Gloss Art Paper 130gsm","4C (Front)","5pcs / Pack","N/A","No","Die-Cutting, Gluing + Folding","60000","378","LO","3916.00","7696.00"
"Standard Money Packet","MP 104","85mm x 167mm","Normal","Gloss Art Paper 130gsm","4C (Front)","5pcs / Pack","N/A","No","Die-Cutting, Gluing + Folding","70000","441","LO","4534.00","8944.00"
"Standard Money Packet","MP 104","85mm x 167mm","Normal","Gloss Art Paper 130gsm","4C (Front)","5pcs / Pack","N/A","No","Die-Cutting, Gluing + Folding","80000","504","LO","5151.00","10191.00"
"Standard Money Packet","MP 104","85mm x 167mm","Normal","Gloss Art Paper 130gsm","4C (Front)","5pcs / Pack","N/A","No","Die-Cutting, Gluing + Folding","90000","567","LO","5712.00","11382.00"
"Standard Money Packet","MP 104","85mm x 167mm","Normal","Gloss Art Paper 130gsm","4C (Front)","5pcs / Pack","N/A","No","Die-Cutting, Gluing + Folding","100000","630","LO","6274.00","12574.00"
"Standard Money Packet","MP 104","85mm x 167mm","Normal","Gloss Art Paper 130gsm","4C (Front)","6pcs / Pack","N/A","No","Die-Cutting, Gluing + Folding","600","4","DO","212.00","252.00"
"Standard Money Packet","MP 104","85mm x 167mm","Normal","Gloss Art Paper 130gsm","4C (Front)","6pcs / Pack","N/A","No","Die-Cutting, Gluing + Folding","15000","95","LO","1222.00","2172.00"
"Standard Money Packet","MP 104","85mm x 167mm","Normal","Gloss Art Paper 130gsm","4C (Front)","6pcs / Pack","N/A","No","Die-Cutting, Gluing + Folding","30000","189","LO","2100.00","3990.00"
"Standard Money Packet","MP 104","85mm x 167mm","Normal","Gloss Art Paper 130gsm","4C (Front)","6pcs / Pack","N/A","No","Die-Cutting, Gluing + Folding","60000","378","LO","3916.00","7696.00"
"Standard Money Packet","MP 104","85mm x 167mm","Normal","Gloss Art Paper 130gsm","4C (Front)","6pcs / Pack","N/A","No","Die-Cutting, Gluing + Folding","90000","567","LO","5712.00","11382.00"
"Standard Money Packet","MP 104","85mm x 167mm","Normal","Gloss Art Paper 130gsm","4C (Front)","8pcs / Pack","N/A","No","Die-Cutting, Gluing + Folding","600","4","DO","212.00","252.00"
"Standard Money Packet","MP 104","85mm x 167mm","Normal","Gloss Art Paper 130gsm","4C (Front)","8pcs / Pack","N/A","No","Die-Cutting, Gluing + Folding","5000","32","LO","665.00","985.00"
"Standard Money Packet","MP 104","85mm x 167mm","Normal","Gloss Art Paper 130gsm","4C (Front)","8pcs / Pack","N/A","No","Die-Cutting, Gluing + Folding","10000","63","LO","965.00","1595.00"
"Standard Money Packet","MP 104","85mm x 167mm","Normal","Gloss Art Paper 130gsm","4C (Front)","8pcs / Pack","N/A","No","Die-Cutting, Gluing + Folding","15000","95","LO","1222.00","2172.00"
"Standard Money Packet","MP 104","85mm x 167mm","Normal","Gloss Art Paper 130gsm","4C (Front)","8pcs / Pack","N/A","No","Die-Cutting, Gluing + Folding","20000","126","LO","1525.00","2785.00"
"Standard Money Packet","MP 104","85mm x 167mm","Normal","Gloss Art Paper 130gsm","4C (Front)","8pcs / Pack","N/A","No","Die-Cutting, Gluing + Folding","25000","158","LO","1783.00","3363.00"
"Standard Money Packet","MP 104","85mm x 167mm","Normal","Gloss Art Paper 130gsm","4C (Front)","8pcs / Pack","N/A","No","Die-Cutting, Gluing + Folding","30000","189","LO","2100.00","3990.00"
"Standard Money Packet","MP 104","85mm x 167mm","Normal","Gloss Art Paper 130gsm","4C (Front)","8pcs / Pack","N/A","No","Die-Cutting, Gluing + Folding","40000","252","LO","2793.00","5313.00"
"Standard Money Packet","MP 104","85mm x 167mm","Normal","Gloss Art Paper 130gsm","4C (Front)","8pcs / Pack","N/A","No","Die-Cutting, Gluing + Folding","50000","315","LO","3467.00","6617.00"
"Standard Money Packet","MP 104","85mm x 167mm","Normal","Gloss Art Paper 130gsm","4C (Front)","8pcs / Pack","N/A","No","Die-Cutting, Gluing + Folding","60000","378","LO","3916.00","7696.00"
"Standard Money Packet","MP 104","85mm x 167mm","Normal","Gloss Art Paper 130gsm","4C (Front)","8pcs / Pack","N/A","No","Die-Cutting, Gluing + Folding","70000","441","LO","4534.00","8944.00"
"Standard Money Packet","MP 104","85mm x 167mm","Normal","Gloss Art Paper 130gsm","4C (Front)","8pcs / Pack","N/A","No","Die-Cutting, Gluing + Folding","80000","504","LO","5151.00","10191.00"
"Standard Money Packet","MP 104","85mm x 167mm","Normal","Gloss Art Paper 130gsm","4C (Front)","8pcs / Pack","N/A","No","Die-Cutting, Gluing + Folding","90000","567","LO","5712.00","11382.00"
"Standard Money Packet","MP 104","85mm x 167mm","Normal","Gloss Art Paper 130gsm","4C (Front)","8pcs / Pack","N/A","No","Die-Cutting, Gluing + Folding","100000","630","LO","6274.00","12574.00"
"Standard Money Packet","MP 104","85mm x 167mm","Normal","Gloss Art Paper 130gsm","4C (Front)","10pcs / Pack","N/A","No","Die-Cutting, Gluing + Folding","600","4","DO","212.00","252.00"
"Standard Money Packet","MP 104","85mm x 167mm","Normal","Gloss Art Paper 130gsm","4C (Front)","10pcs / Pack","N/A","No","Die-Cutting, Gluing + Folding","1250","9","DO","247.00","337.00"
"Standard Money Packet","MP 104","85mm x 167mm","Normal","Gloss Art Paper 130gsm","4C (Front)","10pcs / Pack","N/A","No","Die-Cutting, Gluing + Folding","2500","16","LO","378.00","538.00"
"Standard Money Packet","MP 104","85mm x 167mm","Normal","Gloss Art Paper 130gsm","4C (Front)","10pcs / Pack","N/A","No","Die-Cutting, Gluing + Folding","5000","32","LO","665.00","985.00"
"Standard Money Packet","MP 104","85mm x 167mm","Normal","Gloss Art Paper 130gsm","4C (Front)","10pcs / Pack","N/A","No","Die-Cutting, Gluing + Folding","10000","63","LO","965.00","1595.00"
"Standard Money Packet","MP 104","85mm x 167mm","Normal","Gloss Art Paper 130gsm","4C (Front)","10pcs / Pack","N/A","No","Die-Cutting, Gluing + Folding","15000","95","LO","1222.00","2172.00"
"Standard Money Packet","MP 104","85mm x 167mm","Normal","Gloss Art Paper 130gsm","4C (Front)","10pcs / Pack","N/A","No","Die-Cutting, Gluing + Folding","20000","126","LO","1525.00","2785.00"
"Standard Money Packet","MP 104","85mm x 167mm","Normal","Gloss Art Paper 130gsm","4C (Front)","10pcs / Pack","N/A","No","Die-Cutting, Gluing + Folding","25000","158","LO","1783.00","3363.00"
"Standard Money Packet","MP 104","85mm x 167mm","Normal","Gloss Art Paper 130gsm","4C (Front)","10pcs / Pack","N/A","No","Die-Cutting, Gluing + Folding","30000","189","LO","2100.00","3990.00"
"Standard Money Packet","MP 104","85mm x 167mm","Normal","Gloss Art Paper 130gsm","4C (Front)","10pcs / Pack","N/A","No","Die-Cutting, Gluing + Folding","40000","252","LO","2793.00","5313.00"
"Standard Money Packet","MP 104","85mm x 167mm","Normal","Gloss Art Paper 130gsm","4C (Front)","10pcs / Pack","N/A","No","Die-Cutting, Gluing + Folding","50000","315","LO","3467.00","6617.00"
"Standard Money Packet","MP 104","85mm x 167mm","Normal","Gloss Art Paper 130gsm","4C (Front)","10pcs / Pack","N/A","No","Die-Cutting, Gluing + Folding","60000","378","LO","3916.00","7696.00"
"Standard Money Packet","MP 104","85mm x 167mm","Normal","Gloss Art Paper 130gsm","4C (Front)","10pcs / Pack","N/A","No","Die-Cutting, Gluing + Folding","70000","441","LO","4534.00","8944.00"
"Standard Money Packet","MP 104","85mm x 167mm","Normal","Gloss Art Paper 130gsm","4C (Front)","10pcs / Pack","N/A","No","Die-Cutting, Gluing + Folding","80000","504","LO","5151.00","10191.00"
"Standard Money Packet","MP 104","85mm x 167mm","Normal","Gloss Art Paper 130gsm","4C (Front)","10pcs / Pack","N/A","No","Die-Cutting, Gluing + Folding","90000","567","LO","5712.00","11382.00"
"Standard Money Packet","MP 104","85mm x 167mm","Normal","Gloss Art Paper 130gsm","4C (Front)","10pcs / Pack","N/A","No","Die-Cutting, Gluing + Folding","100000","630","LO","6274.00","12574.00"
"Standard Money Packet","MP 101","154mm x 79.5mm","Normal","Linen 140gsm","4C (Front)","5pcs / Pack","N/A","No","Die-Cutting, Gluing + Folding","600","4","DO","279.40","319.40"
"Standard Money Packet","MP 101","154mm x 79.5mm","Normal","Linen 140gsm","4C (Front)","5pcs / Pack","N/A","No","Die-Cutting, Gluing + Folding","1250","8","DO","326.70","406.70"
"Standard Money Packet","MP 101","154mm x 79.5mm","Normal","Linen 140gsm","4C (Front)","5pcs / Pack","N/A","No","Die-Cutting, Gluing + Folding","2500","14","LO","499.40","639.40"
"Standard Money Packet","MP 101","154mm x 79.5mm","Normal","Linen 140gsm","4C (Front)","5pcs / Pack","N/A","No","Die-Cutting, Gluing + Folding","5000","28","LO","877.80","1157.80"
"Standard Money Packet","MP 101","154mm x 79.5mm","Normal","Linen 140gsm","4C (Front)","5pcs / Pack","N/A","No","Die-Cutting, Gluing + Folding","10000","55","LO","1273.80","1823.80"
"Standard Money Packet","MP 101","154mm x 79.5mm","Normal","Linen 140gsm","4C (Front)","5pcs / Pack","N/A","No","Die-Cutting, Gluing + Folding","15000","82","LO","1612.60","2432.60"
"Standard Money Packet","MP 101","154mm x 79.5mm","Normal","Linen 140gsm","4C (Front)","5pcs / Pack","N/A","No","Die-Cutting, Gluing + Folding","20000","110","LO","2013.00","3113.00"
"Standard Money Packet","MP 101","154mm x 79.5mm","Normal","Linen 140gsm","4C (Front)","5pcs / Pack","N/A","No","Die-Cutting, Gluing + Folding","25000","137","LO","2354.00","3724.00"
"Standard Money Packet","MP 101","154mm x 79.5mm","Normal","Linen 140gsm","4C (Front)","5pcs / Pack","N/A","No","Die-Cutting, Gluing + Folding","30000","164","LO","2772.00","4412.00"
"Standard Money Packet","MP 101","154mm x 79.5mm","Normal","Linen 140gsm","4C (Front)","5pcs / Pack","N/A","No","Die-Cutting, Gluing + Folding","40000","219","LO","3687.20","5877.20"
"Standard Money Packet","MP 101","154mm x 79.5mm","Normal","Linen 140gsm","4C (Front)","5pcs / Pack","N/A","No","Die-Cutting, Gluing + Folding","50000","273","LO","4576.00","7306.00"
"Standard Money Packet","MP 101","154mm x 79.5mm","Normal","Linen 140gsm","4C (Front)","5pcs / Pack","N/A","No","Die-Cutting, Gluing + Folding","60000","328","LO","5168.90","8448.90"
"Standard Money Packet","MP 101","154mm x 79.5mm","Normal","Linen 140gsm","4C (Front)","5pcs / Pack","N/A","No","Die-Cutting, Gluing + Folding","70000","383","LO","5984.00","9814.00"
"Standard Money Packet","MP 101","154mm x 79.5mm","Normal","Linen 140gsm","4C (Front)","5pcs / Pack","N/A","No","Die-Cutting, Gluing + Folding","80000","437","LO","6799.10","11169.10"
"Standard Money Packet","MP 101","154mm x 79.5mm","Normal","Linen 140gsm","4C (Front)","5pcs / Pack","N/A","No","Die-Cutting, Gluing + Folding","90000","492","LO","7540.50","12460.50"
"Standard Money Packet","MP 101","154mm x 79.5mm","Normal","Linen 140gsm","4C (Front)","5pcs / Pack","N/A","No","Die-Cutting, Gluing + Folding","100000","546","LO","8280.80","13740.80"
"Standard Money Packet","MP 101","154mm x 79.5mm","Normal","Linen 140gsm","4C (Front)","6pcs / Pack","N/A","No","Die-Cutting, Gluing + Folding","600","4","DO","279.40","319.40"
"Standard Money Packet","MP 101","154mm x 79.5mm","Normal","Linen 140gsm","4C (Front)","6pcs / Pack","N/A","No","Die-Cutting, Gluing + Folding","15000","82","LO","1612.60","2432.60"
"Standard Money Packet","MP 101","154mm x 79.5mm","Normal","Linen 140gsm","4C (Front)","6pcs / Pack","N/A","No","Die-Cutting, Gluing + Folding","30000","164","LO","2772.00","4412.00"
"Standard Money Packet","MP 101","154mm x 79.5mm","Normal","Linen 140gsm","4C (Front)","6pcs / Pack","N/A","No","Die-Cutting, Gluing + Folding","60000","328","LO","5168.90","8448.90"
"Standard Money Packet","MP 101","154mm x 79.5mm","Normal","Linen 140gsm","4C (Front)","6pcs / Pack","N/A","No","Die-Cutting, Gluing + Folding","90000","492","LO","7540.50","12460.50"
"Standard Money Packet","MP 101","154mm x 79.5mm","Normal","Linen 140gsm","4C (Front)","8pcs / Pack","N/A","No","Die-Cutting, Gluing + Folding","600","4","DO","279.40","319.40"
"Standard Money Packet","MP 101","154mm x 79.5mm","Normal","Linen 140gsm","4C (Front)","8pcs / Pack","N/A","No","Die-Cutting, Gluing + Folding","5000","28","LO","877.80","1157.80"
"Standard Money Packet","MP 101","154mm x 79.5mm","Normal","Linen 140gsm","4C (Front)","8pcs / Pack","N/A","No","Die-Cutting, Gluing + Folding","10000","55","LO","1273.80","1823.80"
"Standard Money Packet","MP 101","154mm x 79.5mm","Normal","Linen 140gsm","4C (Front)","8pcs / Pack","N/A","No","Die-Cutting, Gluing + Folding","15000","82","LO","1612.60","2432.60"
"Standard Money Packet","MP 101","154mm x 79.5mm","Normal","Linen 140gsm","4C (Front)","8pcs / Pack","N/A","No","Die-Cutting, Gluing + Folding","20000","110","LO","2013.00","3113.00"
"Standard Money Packet","MP 101","154mm x 79.5mm","Normal","Linen 140gsm","4C (Front)","8pcs / Pack","N/A","No","Die-Cutting, Gluing + Folding","25000","137","LO","2354.00","3724.00"
"Standard Money Packet","MP 101","154mm x 79.5mm","Normal","Linen 140gsm","4C (Front)","8pcs / Pack","N/A","No","Die-Cutting, Gluing + Folding","30000","164","LO","2772.00","4412.00"
"Standard Money Packet","MP 101","154mm x 79.5mm","Normal","Linen 140gsm","4C (Front)","8pcs / Pack","N/A","No","Die-Cutting, Gluing + Folding","40000","219","LO","3687.20","5877.20"
"Standard Money Packet","MP 101","154mm x 79.5mm","Normal","Linen 140gsm","4C (Front)","8pcs / Pack","N/A","No","Die-Cutting, Gluing + Folding","50000","273","LO","4576.00","7306.00"
"Standard Money Packet","MP 101","154mm x 79.5mm","Normal","Linen 140gsm","4C (Front)","8pcs / Pack","N/A","No","Die-Cutting, Gluing + Folding","60000","328","LO","5168.90","8448.90"
"Standard Money Packet","MP 101","154mm x 79.5mm","Normal","Linen 140gsm","4C (Front)","8pcs / Pack","N/A","No","Die-Cutting, Gluing + Folding","70000","383","LO","5984.00","9814.00"
"Standard Money Packet","MP 101","154mm x 79.5mm","Normal","Linen 140gsm","4C (Front)","8pcs / Pack","N/A","No","Die-Cutting, Gluing + Folding","80000","437","LO","6799.10","11169.10"
"Standard Money Packet","MP 101","154mm x 79.5mm","Normal","Linen 140gsm","4C (Front)","8pcs / Pack","N/A","No","Die-Cutting, Gluing + Folding","90000","492","LO","7540.50","12460.50"
"Standard Money Packet","MP 101","154mm x 79.5mm","Normal","Linen 140gsm","4C (Front)","8pcs / Pack","N/A","No","Die-Cutting, Gluing + Folding","100000","546","LO","8280.80","13740.80"
"Standard Money Packet","MP 101","154mm x 79.5mm","Normal","Linen 140gsm","4C (Front)","10pcs / Pack","N/A","No","Die-Cutting, Gluing + Folding","600","4","DO","279.40","319.40"
"Standard Money Packet","MP 101","154mm x 79.5mm","Normal","Linen 140gsm","4C (Front)","10pcs / Pack","N/A","No","Die-Cutting, Gluing + Folding","1250","8","DO","326.70","406.70"
"Standard Money Packet","MP 101","154mm x 79.5mm","Normal","Linen 140gsm","4C (Front)","10pcs / Pack","N/A","No","Die-Cutting, Gluing + Folding","2500","14","LO","499.40","639.40"
"Standard Money Packet","MP 101","154mm x 79.5mm","Normal","Linen 140gsm","4C (Front)","10pcs / Pack","N/A","No","Die-Cutting, Gluing + Folding","5000","28","LO","877.80","1157.80"
"Standard Money Packet","MP 101","154mm x 79.5mm","Normal","Linen 140gsm","4C (Front)","10pcs / Pack","N/A","No","Die-Cutting, Gluing + Folding","10000","55","LO","1273.80","1823.80"
"Standard Money Packet","MP 101","154mm x 79.5mm","Normal","Linen 140gsm","4C (Front)","10pcs / Pack","N/A","No","Die-Cutting, Gluing + Folding","15000","82","LO","1612.60","2432.60"
"Standard Money Packet","MP 101","154mm x 79.5mm","Normal","Linen 140gsm","4C (Front)","10pcs / Pack","N/A","No","Die-Cutting, Gluing + Folding","20000","110","LO","2013.00","3113.00"
"Standard Money Packet","MP 101","154mm x 79.5mm","Normal","Linen 140gsm","4C (Front)","10pcs / Pack","N/A","No","Die-Cutting, Gluing + Folding","25000","137","LO","2354.00","3724.00"
"Standard Money Packet","MP 101","154mm x 79.5mm","Normal","Linen 140gsm","4C (Front)","10pcs / Pack","N/A","No","Die-Cutting, Gluing + Folding","30000","164","LO","2772.00","4412.00"
"Standard Money Packet","MP 101","154mm x 79.5mm","Normal","Linen 140gsm","4C (Front)","10pcs / Pack","N/A","No","Die-Cutting, Gluing + Folding","40000","219","LO","3687.20","5877.20"
"Standard Money Packet","MP 101","154mm x 79.5mm","Normal","Linen 140gsm","4C (Front)","10pcs / Pack","N/A","No","Die-Cutting, Gluing + Folding","50000","273","LO","4576.00","7306.00"
"Standard Money Packet","MP 101","154mm x 79.5mm","Normal","Linen 140gsm","4C (Front)","10pcs / Pack","N/A","No","Die-Cutting, Gluing + Folding","60000","328","LO","5168.90","8448.90"
"Standard Money Packet","MP 101","154mm x 79.5mm","Normal","Linen 140gsm","4C (Front)","10pcs / Pack","N/A","No","Die-Cutting, Gluing + Folding","70000","383","LO","5984.00","9814.00"
"Standard Money Packet","MP 101","154mm x 79.5mm","Normal","Linen 140gsm","4C (Front)","10pcs / Pack","N/A","No","Die-Cutting, Gluing + Folding","80000","437","LO","6799.10","11169.10"
"Standard Money Packet","MP 101","154mm x 79.5mm","Normal","Linen 140gsm","4C (Front)","10pcs / Pack","N/A","No","Die-Cutting, Gluing + Folding","90000","492","LO","7540.50","12460.50"
"Standard Money Packet","MP 101","154mm x 79.5mm","Normal","Linen 140gsm","4C (Front)","10pcs / Pack","N/A","No","Die-Cutting, Gluing + Folding","100000","546","LO","8280.80","13740.80"
"Standard Money Packet","MP 103","79.5mm x 154mm","Normal","Linen 140gsm","4C (Front)","5pcs / Pack","N/A","No","Die-Cutting, Gluing + Folding","600","4","DO","345.40","385.40"
"Standard Money Packet","MP 103","79.5mm x 154mm","Normal","Linen 140gsm","4C (Front)","5pcs / Pack","N/A","No","Die-Cutting, Gluing + Folding","1250","8","DO","392.70","472.70"
"Standard Money Packet","MP 103","79.5mm x 154mm","Normal","Linen 140gsm","4C (Front)","5pcs / Pack","N/A","No","Die-Cutting, Gluing + Folding","2500","15","LO","606.10","756.10"
"Standard Money Packet","MP 103","79.5mm x 154mm","Normal","Linen 140gsm","4C (Front)","5pcs / Pack","N/A","No","Die-Cutting, Gluing + Folding","5000","30","LO","1067.00","1367.00"
"Standard Money Packet","MP 103","79.5mm x 154mm","Normal","Linen 140gsm","4C (Front)","5pcs / Pack","N/A","No","Die-Cutting, Gluing + Folding","10000","60","LO","1492.70","2092.70"
"Standard Money Packet","MP 103","79.5mm x 154mm","Normal","Linen 140gsm","4C (Front)","5pcs / Pack","N/A","No","Die-Cutting, Gluing + Folding","15000","90","LO","1912.90","2812.90"
"Standard Money Packet","MP 103","79.5mm x 154mm","Normal","Linen 140gsm","4C (Front)","5pcs / Pack","N/A","No","Die-Cutting, Gluing + Folding","20000","120","LO","2450.80","3650.80"
"Standard Money Packet","MP 103","79.5mm x 154mm","Normal","Linen 140gsm","4C (Front)","5pcs / Pack","N/A","No","Die-Cutting, Gluing + Folding","25000","150","LO","2803.90","4303.90"
"Standard Money Packet","MP 103","79.5mm x 154mm","Normal","Linen 140gsm","4C (Front)","5pcs / Pack","N/A","No","Die-Cutting, Gluing + Folding","30000","180","LO","3149.30","4949.30"
"Standard Money Packet","MP 103","79.5mm x 154mm","Normal","Linen 140gsm","4C (Front)","5pcs / Pack","N/A","No","Die-Cutting, Gluing + Folding","40000","240","LO","4083.20","6483.20"
"Standard Money Packet","MP 103","79.5mm x 154mm","Normal","Linen 140gsm","4C (Front)","5pcs / Pack","N/A","No","Die-Cutting, Gluing + Folding","50000","300","LO","5016.00","8016.00"
"Standard Money Packet","MP 103","79.5mm x 154mm","Normal","Linen 140gsm","4C (Front)","5pcs / Pack","N/A","No","Die-Cutting, Gluing + Folding","60000","360","LO","5948.80","9548.80"
"Standard Money Packet","MP 103","79.5mm x 154mm","Normal","Linen 140gsm","4C (Front)","5pcs / Pack","N/A","No","Die-Cutting, Gluing + Folding","70000","419","LO","6881.60","11071.60"
"Standard Money Packet","MP 103","79.5mm x 154mm","Normal","Linen 140gsm","4C (Front)","5pcs / Pack","N/A","No","Die-Cutting, Gluing + Folding","80000","479","LO","7822.10","12612.10"
"Standard Money Packet","MP 103","79.5mm x 154mm","Normal","Linen 140gsm","4C (Front)","5pcs / Pack","N/A","No","Die-Cutting, Gluing + Folding","90000","539","LO","8650.40","14040.40"
"Standard Money Packet","MP 103","79.5mm x 154mm","Normal","Linen 140gsm","4C (Front)","5pcs / Pack","N/A","No","Die-Cutting, Gluing + Folding","100000","599","LO","9450.10","15440.10"
"Standard Money Packet","MP 103","79.5mm x 154mm","Normal","Linen 140gsm","4C (Front)","6pcs / Pack","N/A","No","Die-Cutting, Gluing + Folding","600","4","DO","345.40","385.40"
"Standard Money Packet","MP 103","79.5mm x 154mm","Normal","Linen 140gsm","4C (Front)","6pcs / Pack","N/A","No","Die-Cutting, Gluing + Folding","15000","90","LO","1912.90","2812.90"
"Standard Money Packet","MP 103","79.5mm x 154mm","Normal","Linen 140gsm","4C (Front)","6pcs / Pack","N/A","No","Die-Cutting, Gluing + Folding","30000","180","LO","3149.30","4949.30"
"Standard Money Packet","MP 103","79.5mm x 154mm","Normal","Linen 140gsm","4C (Front)","6pcs / Pack","N/A","No","Die-Cutting, Gluing + Folding","60000","360","LO","5948.80","9548.80"
"Standard Money Packet","MP 103","79.5mm x 154mm","Normal","Linen 140gsm","4C (Front)","6pcs / Pack","N/A","No","Die-Cutting, Gluing + Folding","90000","539","LO","8650.40","14040.40"
"Standard Money Packet","MP 103","79.5mm x 154mm","Normal","Linen 140gsm","4C (Front)","8pcs / Pack","N/A","No","Die-Cutting, Gluing + Folding","600","4","DO","345.40","385.40"
"Standard Money Packet","MP 103","79.5mm x 154mm","Normal","Linen 140gsm","4C (Front)","8pcs / Pack","N/A","No","Die-Cutting, Gluing + Folding","5000","30","LO","1067.00","1367.00"
"Standard Money Packet","MP 103","79.5mm x 154mm","Normal","Linen 140gsm","4C (Front)","8pcs / Pack","N/A","No","Die-Cutting, Gluing + Folding","10000","60","LO","1492.70","2092.70"
"Standard Money Packet","MP 103","79.5mm x 154mm","Normal","Linen 140gsm","4C (Front)","8pcs / Pack","N/A","No","Die-Cutting, Gluing + Folding","15000","90","LO","1912.90","2812.90"
"Standard Money Packet","MP 103","79.5mm x 154mm","Normal","Linen 140gsm","4C (Front)","8pcs / Pack","N/A","No","Die-Cutting, Gluing + Folding","20000","120","LO","2450.80","3650.80"
"Standard Money Packet","MP 103","79.5mm x 154mm","Normal","Linen 140gsm","4C (Front)","8pcs / Pack","N/A","No","Die-Cutting, Gluing + Folding","25000","150","LO","2803.90","4303.90"
"Standard Money Packet","MP 103","79.5mm x 154mm","Normal","Linen 140gsm","4C (Front)","8pcs / Pack","N/A","No","Die-Cutting, Gluing + Folding","30000","180","LO","3149.30","4949.30"
"Standard Money Packet","MP 103","79.5mm x 154mm","Normal","Linen 140gsm","4C (Front)","8pcs / Pack","N/A","No","Die-Cutting, Gluing + Folding","40000","240","LO","4083.20","6483.20"
"Standard Money Packet","MP 103","79.5mm x 154mm","Normal","Linen 140gsm","4C (Front)","8pcs / Pack","N/A","No","Die-Cutting, Gluing + Folding","50000","300","LO","5016.00","8016.00"
"Standard Money Packet","MP 103","79.5mm x 154mm","Normal","Linen 140gsm","4C (Front)","8pcs / Pack","N/A","No","Die-Cutting, Gluing + Folding","60000","360","LO","5948.80","9548.80"
"Standard Money Packet","MP 103","79.5mm x 154mm","Normal","Linen 140gsm","4C (Front)","8pcs / Pack","N/A","No","Die-Cutting, Gluing + Folding","70000","419","LO","6881.60","11071.60"
"Standard Money Packet","MP 103","79.5mm x 154mm","Normal","Linen 140gsm","4C (Front)","8pcs / Pack","N/A","No","Die-Cutting, Gluing + Folding","80000","479","LO","7822.10","12612.10"
"Standard Money Packet","MP 103","79.5mm x 154mm","Normal","Linen 140gsm","4C (Front)","8pcs / Pack","N/A","No","Die-Cutting, Gluing + Folding","90000","539","LO","8650.40","14040.40"
"Standard Money Packet","MP 103","79.5mm x 154mm","Normal","Linen 140gsm","4C (Front)","8pcs / Pack","N/A","No","Die-Cutting, Gluing + Folding","100000","599","LO","9450.10","15440.10"
"Standard Money Packet","MP 103","79.5mm x 154mm","Normal","Linen 140gsm","4C (Front)","10pcs / Pack","N/A","No","Die-Cutting, Gluing + Folding","600","4","DO","345.40","385.40"
"Standard Money Packet","MP 103","79.5mm x 154mm","Normal","Linen 140gsm","4C (Front)","10pcs / Pack","N/A","No","Die-Cutting, Gluing + Folding","1250","8","DO","392.70","472.70"
"Standard Money Packet","MP 103","79.5mm x 154mm","Normal","Linen 140gsm","4C (Front)","10pcs / Pack","N/A","No","Die-Cutting, Gluing + Folding","2500","15","LO","606.10","756.10"
"Standard Money Packet","MP 103","79.5mm x 154mm","Normal","Linen 140gsm","4C (Front)","10pcs / Pack","N/A","No","Die-Cutting, Gluing + Folding","5000","30","LO","1067.00","1367.00"
"Standard Money Packet","MP 103","79.5mm x 154mm","Normal","Linen 140gsm","4C (Front)","10pcs / Pack","N/A","No","Die-Cutting, Gluing + Folding","10000","60","LO","1492.70","2092.70"
"Standard Money Packet","MP 103","79.5mm x 154mm","Normal","Linen 140gsm","4C (Front)","10pcs / Pack","N/A","No","Die-Cutting, Gluing + Folding","15000","90","LO","1912.90","2812.90"
"Standard Money Packet","MP 103","79.5mm x 154mm","Normal","Linen 140gsm","4C (Front)","10pcs / Pack","N/A","No","Die-Cutting, Gluing + Folding","20000","120","LO","2450.80","3650.80"
"Standard Money Packet","MP 103","79.5mm x 154mm","Normal","Linen 140gsm","4C (Front)","10pcs / Pack","N/A","No","Die-Cutting, Gluing + Folding","25000","150","LO","2803.90","4303.90"
"Standard Money Packet","MP 103","79.5mm x 154mm","Normal","Linen 140gsm","4C (Front)","10pcs / Pack","N/A","No","Die-Cutting, Gluing + Folding","30000","180","LO","3149.30","4949.30"
"Standard Money Packet","MP 103","79.5mm x 154mm","Normal","Linen 140gsm","4C (Front)","10pcs / Pack","N/A","No","Die-Cutting, Gluing + Folding","40000","240","LO","4083.20","6483.20"
"Standard Money Packet","MP 103","79.5mm x 154mm","Normal","Linen 140gsm","4C (Front)","10pcs / Pack","N/A","No","Die-Cutting, Gluing + Folding","50000","300","LO","5016.00","8016.00"
"Standard Money Packet","MP 103","79.5mm x 154mm","Normal","Linen 140gsm","4C (Front)","10pcs / Pack","N/A","No","Die-Cutting, Gluing + Folding","60000","360","LO","5948.80","9548.80"
"Standard Money Packet","MP 103","79.5mm x 154mm","Normal","Linen 140gsm","4C (Front)","10pcs / Pack","N/A","No","Die-Cutting, Gluing + Folding","70000","419","LO","6881.60","11071.60"
"Standard Money Packet","MP 103","79.5mm x 154mm","Normal","Linen 140gsm","4C (Front)","10pcs / Pack","N/A","No","Die-Cutting, Gluing + Folding","80000","479","LO","7822.10","12612.10"
"Standard Money Packet","MP 103","79.5mm x 154mm","Normal","Linen 140gsm","4C (Front)","10pcs / Pack","N/A","No","Die-Cutting, Gluing + Folding","90000","539","LO","8650.40","14040.40"
"Standard Money Packet","MP 103","79.5mm x 154mm","Normal","Linen 140gsm","4C (Front)","10pcs / Pack","N/A","No","Die-Cutting, Gluing + Folding","100000","599","LO","9450.10","15440.10"
"Standard Money Packet","MP 104","85mm x 167mm","Normal","Linen 140gsm","4C (Front)","5pcs / Pack","N/A","No","Die-Cutting, Gluing + Folding","2500","18","LO","525.00","705.00"
"Standard Money Packet","MP 104","85mm x 167mm","Normal","Linen 140gsm","4C (Front)","5pcs / Pack","N/A","No","Die-Cutting, Gluing + Folding","5000","35","LO","922.00","1272.00"
"Standard Money Packet","MP 104","85mm x 167mm","Normal","Linen 140gsm","4C (Front)","5pcs / Pack","N/A","No","Die-Cutting, Gluing + Folding","10000","70","LO","1338.00","2038.00"
"Standard Money Packet","MP 104","85mm x 167mm","Normal","Linen 140gsm","4C (Front)","5pcs / Pack","N/A","No","Die-Cutting, Gluing + Folding","15000","104","LO","1694.00","2734.00"
"Standard Money Packet","MP 104","85mm x 167mm","Normal","Linen 140gsm","4C (Front)","5pcs / Pack","N/A","No","Die-Cutting, Gluing + Folding","20000","139","LO","2114.00","3504.00"
"Standard Money Packet","MP 104","85mm x 167mm","Normal","Linen 140gsm","4C (Front)","5pcs / Pack","N/A","No","Die-Cutting, Gluing + Folding","25000","174","LO","2472.00","4212.00"
"Standard Money Packet","MP 104","85mm x 167mm","Normal","Linen 140gsm","4C (Front)","5pcs / Pack","N/A","No","Die-Cutting, Gluing + Folding","30000","208","LO","2911.00","4991.00"
"Standard Money Packet","MP 104","85mm x 167mm","Normal","Linen 140gsm","4C (Front)","5pcs / Pack","N/A","No","Die-Cutting, Gluing + Folding","40000","278","LO","3872.00","6652.00"
"Standard Money Packet","MP 104","85mm x 167mm","Normal","Linen 140gsm","4C (Front)","5pcs / Pack","N/A","No","Die-Cutting, Gluing + Folding","50000","347","LO","4805.00","8275.00"
"Standard Money Packet","MP 104","85mm x 167mm","Normal","Linen 140gsm","4C (Front)","5pcs / Pack","N/A","No","Die-Cutting, Gluing + Folding","60000","416","LO","5428.00","9588.00"
"Standard Money Packet","MP 104","85mm x 167mm","Normal","Linen 140gsm","4C (Front)","5pcs / Pack","N/A","No","Die-Cutting, Gluing + Folding","70000","486","LO","6284.00","11144.00"
"Standard Money Packet","MP 104","85mm x 167mm","Normal","Linen 140gsm","4C (Front)","5pcs / Pack","N/A","No","Die-Cutting, Gluing + Folding","80000","555","LO","7140.00","12690.00"
"Standard Money Packet","MP 104","85mm x 167mm","Normal","Linen 140gsm","4C (Front)","5pcs / Pack","N/A","No","Die-Cutting, Gluing + Folding","90000","624","LO","7918.00","14158.00"
"Standard Money Packet","MP 104","85mm x 167mm","Normal","Linen 140gsm","4C (Front)","5pcs / Pack","N/A","No","Die-Cutting, Gluing + Folding","100000","693","LO","8695.00","15625.00"
"Standard Money Packet","MP 104","85mm x 167mm","Normal","Linen 140gsm","4C (Front)","6pcs / Pack","N/A","No","Die-Cutting, Gluing + Folding","15000","104","LO","1694.00","2734.00"
"Standard Money Packet","MP 104","85mm x 167mm","Normal","Linen 140gsm","4C (Front)","6pcs / Pack","N/A","No","Die-Cutting, Gluing + Folding","30000","208","LO","2911.00","4991.00"
"Standard Money Packet","MP 104","85mm x 167mm","Normal","Linen 140gsm","4C (Front)","6pcs / Pack","N/A","No","Die-Cutting, Gluing + Folding","60000","416","LO","5428.00","9588.00"
"Standard Money Packet","MP 104","85mm x 167mm","Normal","Linen 140gsm","4C (Front)","6pcs / Pack","N/A","No","Die-Cutting, Gluing + Folding","90000","624","LO","7918.00","14158.00"
"Standard Money Packet","MP 104","85mm x 167mm","Normal","Linen 140gsm","4C (Front)","8pcs / Pack","N/A","No","Die-Cutting, Gluing + Folding","5000","35","LO","922.00","1272.00"
"Standard Money Packet","MP 104","85mm x 167mm","Normal","Linen 140gsm","4C (Front)","8pcs / Pack","N/A","No","Die-Cutting, Gluing + Folding","10000","70","LO","1338.00","2038.00"
"Standard Money Packet","MP 104","85mm x 167mm","Normal","Linen 140gsm","4C (Front)","8pcs / Pack","N/A","No","Die-Cutting, Gluing + Folding","15000","104","LO","1694.00","2734.00"
"Standard Money Packet","MP 104","85mm x 167mm","Normal","Linen 140gsm","4C (Front)","8pcs / Pack","N/A","No","Die-Cutting, Gluing + Folding","20000","139","LO","2114.00","3504.00"
"Standard Money Packet","MP 104","85mm x 167mm","Normal","Linen 140gsm","4C (Front)","8pcs / Pack","N/A","No","Die-Cutting, Gluing + Folding","25000","174","LO","2472.00","4212.00"
"Standard Money Packet","MP 104","85mm x 167mm","Normal","Linen 140gsm","4C (Front)","8pcs / Pack","N/A","No","Die-Cutting, Gluing + Folding","30000","208","LO","2911.00","4991.00"
"Standard Money Packet","MP 104","85mm x 167mm","Normal","Linen 140gsm","4C (Front)","8pcs / Pack","N/A","No","Die-Cutting, Gluing + Folding","40000","278","LO","3872.00","6652.00"
"Standard Money Packet","MP 104","85mm x 167mm","Normal","Linen 140gsm","4C (Front)","8pcs / Pack","N/A","No","Die-Cutting, Gluing + Folding","50000","347","LO","4805.00","8275.00"
"Standard Money Packet","MP 104","85mm x 167mm","Normal","Linen 140gsm","4C (Front)","8pcs / Pack","N/A","No","Die-Cutting, Gluing + Folding","60000","416","LO","5428.00","9588.00"
"Standard Money Packet","MP 104","85mm x 167mm","Normal","Linen 140gsm","4C (Front)","8pcs / Pack","N/A","No","Die-Cutting, Gluing + Folding","70000","486","LO","6284.00","11144.00"
"Standard Money Packet","MP 104","85mm x 167mm","Normal","Linen 140gsm","4C (Front)","8pcs / Pack","N/A","No","Die-Cutting, Gluing + Folding","80000","555","LO","7140.00","12690.00"
"Standard Money Packet","MP 104","85mm x 167mm","Normal","Linen 140gsm","4C (Front)","8pcs / Pack","N/A","No","Die-Cutting, Gluing + Folding","90000","624","LO","7918.00","14158.00"
"Standard Money Packet","MP 104","85mm x 167mm","Normal","Linen 140gsm","4C (Front)","8pcs / Pack","N/A","No","Die-Cutting, Gluing + Folding","100000","693","LO","8695.00","15625.00"
"Standard Money Packet","MP 104","85mm x 167mm","Normal","Linen 140gsm","4C (Front)","10pcs / Pack","N/A","No","Die-Cutting, Gluing + Folding","2500","18","LO","525.00","705.00"
"Standard Money Packet","MP 104","85mm x 167mm","Normal","Linen 140gsm","4C (Front)","10pcs / Pack","N/A","No","Die-Cutting, Gluing + Folding","5000","35","LO","922.00","1272.00"
"Standard Money Packet","MP 104","85mm x 167mm","Normal","Linen 140gsm","4C (Front)","10pcs / Pack","N/A","No","Die-Cutting, Gluing + Folding","10000","70","LO","1338.00","2038.00"
"Standard Money Packet","MP 104","85mm x 167mm","Normal","Linen 140gsm","4C (Front)","10pcs / Pack","N/A","No","Die-Cutting, Gluing + Folding","15000","104","LO","1694.00","2734.00"
"Standard Money Packet","MP 104","85mm x 167mm","Normal","Linen 140gsm","4C (Front)","10pcs / Pack","N/A","No","Die-Cutting, Gluing + Folding","20000","139","LO","2114.00","3504.00"
"Standard Money Packet","MP 104","85mm x 167mm","Normal","Linen 140gsm","4C (Front)","10pcs / Pack","N/A","No","Die-Cutting, Gluing + Folding","25000","174","LO","2472.00","4212.00"
"Standard Money Packet","MP 104","85mm x 167mm","Normal","Linen 140gsm","4C (Front)","10pcs / Pack","N/A","No","Die-Cutting, Gluing + Folding","30000","208","LO","2911.00","4991.00"
"Standard Money Packet","MP 104","85mm x 167mm","Normal","Linen 140gsm","4C (Front)","10pcs / Pack","N/A","No","Die-Cutting, Gluing + Folding","40000","278","LO","3872.00","6652.00"
"Standard Money Packet","MP 104","85mm x 167mm","Normal","Linen 140gsm","4C (Front)","10pcs / Pack","N/A","No","Die-Cutting, Gluing + Folding","50000","347","LO","4805.00","8275.00"
"Standard Money Packet","MP 104","85mm x 167mm","Normal","Linen 140gsm","4C (Front)","10pcs / Pack","N/A","No","Die-Cutting, Gluing + Folding","60000","416","LO","5428.00","9588.00"
"Standard Money Packet","MP 104","85mm x 167mm","Normal","Linen 140gsm","4C (Front)","10pcs / Pack","N/A","No","Die-Cutting, Gluing + Folding","70000","486","LO","6284.00","11144.00"
"Standard Money Packet","MP 104","85mm x 167mm","Normal","Linen 140gsm","4C (Front)","10pcs / Pack","N/A","No","Die-Cutting, Gluing + Folding","80000","555","LO","7140.00","12690.00"
"Standard Money Packet","MP 104","85mm x 167mm","Normal","Linen 140gsm","4C (Front)","10pcs / Pack","N/A","No","Die-Cutting, Gluing + Folding","90000","624","LO","7918.00","14158.00"
"Standard Money Packet","MP 104","85mm x 167mm","Normal","Linen 140gsm","4C (Front)","10pcs / Pack","N/A","No","Die-Cutting, Gluing + Folding","100000","693","LO","8695.00","15625.00"
"Standard Money Packet","MP 101","154mm x 79.5mm","Normal","Art Paper 157gsm","4C (Front)","5pcs / Pack","Matte Lamination","No","Die-Cutting, Gluing + Folding","2500","17","LO","575.00","745.00"
"Standard Money Packet","MP 101","154mm x 79.5mm","Normal","Art Paper 157gsm","4C (Front)","5pcs / Pack","Matte Lamination","No","Die-Cutting, Gluing + Folding","5000","33","LO","1133.00","1463.00"
"Standard Money Packet","MP 101","154mm x 79.5mm","Normal","Art Paper 157gsm","4C (Front)","5pcs / Pack","Matte Lamination","No","Die-Cutting, Gluing + Folding","10000","65","LO","1981.00","2631.00"
"Standard Money Packet","MP 101","154mm x 79.5mm","Normal","Art Paper 157gsm","4C (Front)","5pcs / Pack","Matte Lamination","No","Die-Cutting, Gluing + Folding","15000","98","LO","2785.00","3765.00"
"Standard Money Packet","MP 101","154mm x 79.5mm","Normal","Art Paper 157gsm","4C (Front)","5pcs / Pack","Matte Lamination","No","Die-Cutting, Gluing + Folding","20000","130","LO","3634.00","4934.00"
"Standard Money Packet","MP 101","154mm x 79.5mm","Normal","Art Paper 157gsm","4C (Front)","5pcs / Pack","Matte Lamination","No","Die-Cutting, Gluing + Folding","25000","162","LO","4447.00","6067.00"
"Standard Money Packet","MP 101","154mm x 79.5mm","Normal","Art Paper 157gsm","4C (Front)","5pcs / Pack","Matte Lamination","No","Die-Cutting, Gluing + Folding","30000","195","LO","5267.00","7217.00"
"Standard Money Packet","MP 101","154mm x 79.5mm","Normal","Art Paper 157gsm","4C (Front)","5pcs / Pack","Matte Lamination","No","Die-Cutting, Gluing + Folding","40000","259","LO","6960.00","9550.00"
"Standard Money Packet","MP 101","154mm x 79.5mm","Normal","Art Paper 157gsm","4C (Front)","5pcs / Pack","Matte Lamination","No","Die-Cutting, Gluing + Folding","50000","324","LO","8550.00","11790.00"
"Standard Money Packet","MP 101","154mm x 79.5mm","Normal","Art Paper 157gsm","4C (Front)","5pcs / Pack","Matte Lamination","No","Die-Cutting, Gluing + Folding","60000","389","LO","9693.00","13583.00"
"Standard Money Packet","MP 101","154mm x 79.5mm","Normal","Art Paper 157gsm","4C (Front)","5pcs / Pack","Matte Lamination","No","Die-Cutting, Gluing + Folding","70000","453","LO","10770.00","15300.00"
"Standard Money Packet","MP 101","154mm x 79.5mm","Normal","Art Paper 157gsm","4C (Front)","5pcs / Pack","Matte Lamination","No","Die-Cutting, Gluing + Folding","80000","518","LO","11693.00","16873.00"
"Standard Money Packet","MP 101","154mm x 79.5mm","Normal","Art Paper 157gsm","4C (Front)","5pcs / Pack","Matte Lamination","No","Die-Cutting, Gluing + Folding","90000","583","LO","12462.00","18292.00"
"Standard Money Packet","MP 101","154mm x 79.5mm","Normal","Art Paper 157gsm","4C (Front)","5pcs / Pack","Matte Lamination","No","Die-Cutting, Gluing + Folding","100000","647","LO","13077.00","19547.00"
"Standard Money Packet","MP 101","154mm x 79.5mm","Normal","Art Paper 157gsm","4C (Front)","6pcs / Pack","Matte Lamination","No","Die-Cutting, Gluing + Folding","15000","98","LO","2785.00","3765.00"
"Standard Money Packet","MP 101","154mm x 79.5mm","Normal","Art Paper 157gsm","4C (Front)","6pcs / Pack","Matte Lamination","No","Die-Cutting, Gluing + Folding","30000","195","LO","5267.00","7217.00"
"Standard Money Packet","MP 101","154mm x 79.5mm","Normal","Art Paper 157gsm","4C (Front)","6pcs / Pack","Matte Lamination","No","Die-Cutting, Gluing + Folding","60000","389","LO","9693.00","13583.00"
"Standard Money Packet","MP 101","154mm x 79.5mm","Normal","Art Paper 157gsm","4C (Front)","6pcs / Pack","Matte Lamination","No","Die-Cutting, Gluing + Folding","90000","583","LO","12462.00","18292.00"
"Standard Money Packet","MP 103","79.5mm x 154mm","Normal","Art Paper 157gsm","4C (Front)","5pcs / Pack","Matte Lamination","No","Die-Cutting, Gluing + Folding","600","5","DO","264.00","314.00"
"Standard Money Packet","MP 103","79.5mm x 154mm","Normal","Art Paper 157gsm","4C (Front)","5pcs / Pack","Matte Lamination","No","Die-Cutting, Gluing + Folding","1250","10","DO","361.00","461.00"
"Standard Money Packet","MP 103","79.5mm x 154mm","Normal","Art Paper 157gsm","4C (Front)","5pcs / Pack","Matte Lamination","No","Die-Cutting, Gluing + Folding","2500","18","LO","625.00","805.00"
"Standard Money Packet","MP 103","79.5mm x 154mm","Normal","Art Paper 157gsm","4C (Front)","5pcs / Pack","Matte Lamination","No","Die-Cutting, Gluing + Folding","5000","36","LO","1247.00","1607.00"
"Standard Money Packet","MP 103","79.5mm x 154mm","Normal","Art Paper 157gsm","4C (Front)","5pcs / Pack","Matte Lamination","No","Die-Cutting, Gluing + Folding","10000","72","LO","2180.00","2900.00"
"Standard Money Packet","MP 103","79.5mm x 154mm","Normal","Art Paper 157gsm","4C (Front)","5pcs / Pack","Matte Lamination","No","Die-Cutting, Gluing + Folding","15000","108","LO","3064.00","4144.00"
"Standard Money Packet","MP 103","79.5mm x 154mm","Normal","Art Paper 157gsm","4C (Front)","5pcs / Pack","Matte Lamination","No","Die-Cutting, Gluing + Folding","20000","144","LO","3998.00","5438.00"
"Standard Money Packet","MP 103","79.5mm x 154mm","Normal","Art Paper 157gsm","4C (Front)","5pcs / Pack","Matte Lamination","No","Die-Cutting, Gluing + Folding","25000","180","LO","4892.00","6692.00"
"Standard Money Packet","MP 103","79.5mm x 154mm","Normal","Art Paper 157gsm","4C (Front)","5pcs / Pack","Matte Lamination","No","Die-Cutting, Gluing + Folding","30000","215","LO","5850.00","8000.00"
"Standard Money Packet","MP 103","79.5mm x 154mm","Normal","Art Paper 157gsm","4C (Front)","5pcs / Pack","Matte Lamination","No","Die-Cutting, Gluing + Folding","40000","287","LO","7766.00","10636.00"
"Standard Money Packet","MP 103","79.5mm x 154mm","Normal","Art Paper 157gsm","4C (Front)","5pcs / Pack","Matte Lamination","No","Die-Cutting, Gluing + Folding","50000","359","LO","9678.00","13268.00"
"Standard Money Packet","MP 103","79.5mm x 154mm","Normal","Art Paper 157gsm","4C (Front)","5pcs / Pack","Matte Lamination","No","Die-Cutting, Gluing + Folding","60000","430","LO","10663.00","14963.00"
"Standard Money Packet","MP 103","79.5mm x 154mm","Normal","Art Paper 157gsm","4C (Front)","5pcs / Pack","Matte Lamination","No","Die-Cutting, Gluing + Folding","70000","502","LO","11847.00","16867.00"
"Standard Money Packet","MP 103","79.5mm x 154mm","Normal","Art Paper 157gsm","4C (Front)","5pcs / Pack","Matte Lamination","No","Die-Cutting, Gluing + Folding","80000","573","LO","12863.00","18593.00"
"Standard Money Packet","MP 103","79.5mm x 154mm","Normal","Art Paper 157gsm","4C (Front)","5pcs / Pack","Matte Lamination","No","Die-Cutting, Gluing + Folding","90000","645","LO","13709.00","20159.00"
"Standard Money Packet","MP 103","79.5mm x 154mm","Normal","Art Paper 157gsm","4C (Front)","5pcs / Pack","Matte Lamination","No","Die-Cutting, Gluing + Folding","100000","717","LO","14385.00","21555.00"
"Standard Money Packet","MP 103","79.5mm x 154mm","Normal","Art Paper 157gsm","4C (Front)","6pcs / Pack","Matte Lamination","No","Die-Cutting, Gluing + Folding","600","5","DO","264.00","314.00"
"Standard Money Packet","MP 103","79.5mm x 154mm","Normal","Art Paper 157gsm","4C (Front)","6pcs / Pack","Matte Lamination","No","Die-Cutting, Gluing + Folding","15000","108","LO","3064.00","4144.00"
"Standard Money Packet","MP 103","79.5mm x 154mm","Normal","Art Paper 157gsm","4C (Front)","6pcs / Pack","Matte Lamination","No","Die-Cutting, Gluing + Folding","30000","215","LO","5850.00","8000.00"
"Standard Money Packet","MP 103","79.5mm x 154mm","Normal","Art Paper 157gsm","4C (Front)","6pcs / Pack","Matte Lamination","No","Die-Cutting, Gluing + Folding","60000","430","LO","10663.00","14963.00"
"Standard Money Packet","MP 103","79.5mm x 154mm","Normal","Art Paper 157gsm","4C (Front)","6pcs / Pack","Matte Lamination","No","Die-Cutting, Gluing + Folding","90000","645","LO","13709.00","20159.00"
"Standard Money Packet","MP 104","85mm x 167mm","Normal","Art Paper 157gsm","4C (Front)","5pcs / Pack","Matte Lamination","No","Die-Cutting, Gluing + Folding","2500","20","LO","603.75","803.75"
"Standard Money Packet","MP 104","85mm x 167mm","Normal","Art Paper 157gsm","4C (Front)","5pcs / Pack","Matte Lamination","No","Die-Cutting, Gluing + Folding","5000","40","LO","1189.65","1589.65"
"Standard Money Packet","MP 104","85mm x 167mm","Normal","Art Paper 157gsm","4C (Front)","5pcs / Pack","Matte Lamination","No","Die-Cutting, Gluing + Folding","10000","80","LO","2080.05","2880.05"
"Standard Money Packet","MP 104","85mm x 167mm","Normal","Art Paper 157gsm","4C (Front)","5pcs / Pack","Matte Lamination","No","Die-Cutting, Gluing + Folding","15000","120","LO","2924.25","4124.25"
"Standard Money Packet","MP 104","85mm x 167mm","Normal","Art Paper 157gsm","4C (Front)","5pcs / Pack","Matte Lamination","No","Die-Cutting, Gluing + Folding","20000","160","LO","3815.70","5415.70"
"Standard Money Packet","MP 104","85mm x 167mm","Normal","Art Paper 157gsm","4C (Front)","5pcs / Pack","Matte Lamination","No","Die-Cutting, Gluing + Folding","25000","200","LO","4669.35","6669.35"
"Standard Money Packet","MP 104","85mm x 167mm","Normal","Art Paper 157gsm","4C (Front)","5pcs / Pack","Matte Lamination","No","Die-Cutting, Gluing + Folding","30000","240","LO","5530.35","7930.35"
"Standard Money Packet","MP 104","85mm x 167mm","Normal","Art Paper 157gsm","4C (Front)","5pcs / Pack","Matte Lamination","No","Die-Cutting, Gluing + Folding","40000","320","LO","7308.00","10508.00"
"Standard Money Packet","MP 104","85mm x 167mm","Normal","Art Paper 157gsm","4C (Front)","5pcs / Pack","Matte Lamination","No","Die-Cutting, Gluing + Folding","50000","399","LO","8977.50","12967.50"
"Standard Money Packet","MP 104","85mm x 167mm","Normal","Art Paper 157gsm","4C (Front)","5pcs / Pack","Matte Lamination","No","Die-Cutting, Gluing + Folding","60000","479","LO","10177.65","14967.65"
"Standard Money Packet","MP 104","85mm x 167mm","Normal","Art Paper 157gsm","4C (Front)","5pcs / Pack","Matte Lamination","No","Die-Cutting, Gluing + Folding","70000","559","LO","11308.50","16898.50"
"Standard Money Packet","MP 104","85mm x 167mm","Normal","Art Paper 157gsm","4C (Front)","5pcs / Pack","Matte Lamination","No","Die-Cutting, Gluing + Folding","80000","639","LO","12277.65","18667.65"
"Standard Money Packet","MP 104","85mm x 167mm","Normal","Art Paper 157gsm","4C (Front)","5pcs / Pack","Matte Lamination","No","Die-Cutting, Gluing + Folding","90000","719","LO","13085.10","20275.10"
"Standard Money Packet","MP 104","85mm x 167mm","Normal","Art Paper 157gsm","4C (Front)","5pcs / Pack","Matte Lamination","No","Die-Cutting, Gluing + Folding","100000","798","LO","13730.85","21710.85"
"Standard Money Packet","MP 104","85mm x 167mm","Normal","Art Paper 157gsm","4C (Front)","6pcs / Pack","Matte Lamination","No","Die-Cutting, Gluing + Folding","15000","120","LO","2924.25","4124.25"
"Standard Money Packet","MP 104","85mm x 167mm","Normal","Art Paper 157gsm","4C (Front)","6pcs / Pack","Matte Lamination","No","Die-Cutting, Gluing + Folding","30000","240","LO","5530.35","7930.35"
"Standard Money Packet","MP 104","85mm x 167mm","Normal","Art Paper 157gsm","4C (Front)","6pcs / Pack","Matte Lamination","No","Die-Cutting, Gluing + Folding","60000","479","LO","10177.65","14967.65"
"Standard Money Packet","MP 104","85mm x 167mm","Normal","Art Paper 157gsm","4C (Front)","6pcs / Pack","Matte Lamination","No","Die-Cutting, Gluing + Folding","90000","719","LO","13085.10","20275.10"
"Standard Money Packet","MP 101","154mm x 79.5mm","Normal","Art Paper 157gsm","4C (Front)","5pcs / Pack","Soft Touch Lamination","No","Die-Cutting, Gluing + Folding","2500","17","LO","650.00","820.00"
"Standard Money Packet","MP 101","154mm x 79.5mm","Normal","Art Paper 157gsm","4C (Front)","5pcs / Pack","Soft Touch Lamination","No","Die-Cutting, Gluing + Folding","5000","33","LO","1290.00","1620.00"
"Standard Money Packet","MP 101","154mm x 79.5mm","Normal","Art Paper 157gsm","4C (Front)","5pcs / Pack","Soft Touch Lamination","No","Die-Cutting, Gluing + Folding","10000","66","LO","2575.00","3235.00"
"Standard Money Packet","MP 101","154mm x 79.5mm","Normal","Art Paper 157gsm","4C (Front)","5pcs / Pack","Soft Touch Lamination","No","Die-Cutting, Gluing + Folding","15000","99","LO","3620.00","4610.00"
"Standard Money Packet","MP 101","154mm x 79.5mm","Normal","Art Paper 157gsm","4C (Front)","5pcs / Pack","Soft Touch Lamination","No","Die-Cutting, Gluing + Folding","20000","132","LO","4723.00","6043.00"
"Standard Money Packet","MP 101","154mm x 79.5mm","Normal","Art Paper 157gsm","4C (Front)","5pcs / Pack","Soft Touch Lamination","No","Die-Cutting, Gluing + Folding","25000","165","LO","5781.00","7431.00"
"Standard Money Packet","MP 101","154mm x 79.5mm","Normal","Art Paper 157gsm","4C (Front)","5pcs / Pack","Soft Touch Lamination","No","Die-Cutting, Gluing + Folding","30000","198","LO","6900.00","8880.00"
"Standard Money Packet","MP 101","154mm x 79.5mm","Normal","Art Paper 157gsm","4C (Front)","5pcs / Pack","Soft Touch Lamination","No","Die-Cutting, Gluing + Folding","40000","264","LO","9178.00","11818.00"
"Standard Money Packet","MP 101","154mm x 79.5mm","Normal","Art Paper 157gsm","4C (Front)","5pcs / Pack","Soft Touch Lamination","No","Die-Cutting, Gluing + Folding","50000","330","LO","11437.00","14737.00"
"Standard Money Packet","MP 101","154mm x 79.5mm","Normal","Art Paper 157gsm","4C (Front)","5pcs / Pack","Soft Touch Lamination","No","Die-Cutting, Gluing + Folding","60000","396","LO","12600.00","16560.00"
"Standard Money Packet","MP 101","154mm x 79.5mm","Normal","Art Paper 157gsm","4C (Front)","5pcs / Pack","Soft Touch Lamination","No","Die-Cutting, Gluing + Folding","70000","461","LO","14000.00","18610.00"
"Standard Money Packet","MP 101","154mm x 79.5mm","Normal","Art Paper 157gsm","4C (Front)","5pcs / Pack","Soft Touch Lamination","No","Die-Cutting, Gluing + Folding","80000","527","LO","15200.00","20470.00"
"Standard Money Packet","MP 101","154mm x 79.5mm","Normal","Art Paper 157gsm","4C (Front)","5pcs / Pack","Soft Touch Lamination","No","Die-Cutting, Gluing + Folding","90000","593","LO","16200.00","22130.00"
"Standard Money Packet","MP 101","154mm x 79.5mm","Normal","Art Paper 157gsm","4C (Front)","5pcs / Pack","Soft Touch Lamination","No","Die-Cutting, Gluing + Folding","100000","659","LO","17000.00","23590.00"
"Standard Money Packet","MP 101","154mm x 79.5mm","Normal","Art Paper 157gsm","4C (Front)","6pcs / Pack","Soft Touch Lamination","No","Die-Cutting, Gluing + Folding","15000","99","LO","3620.00","4610.00"
"Standard Money Packet","MP 101","154mm x 79.5mm","Normal","Art Paper 157gsm","4C (Front)","6pcs / Pack","Soft Touch Lamination","No","Die-Cutting, Gluing + Folding","30000","198","LO","6900.00","8880.00"
"Standard Money Packet","MP 101","154mm x 79.5mm","Normal","Art Paper 157gsm","4C (Front)","6pcs / Pack","Soft Touch Lamination","No","Die-Cutting, Gluing + Folding","60000","396","LO","12600.00","16560.00"
"Standard Money Packet","MP 101","154mm x 79.5mm","Normal","Art Paper 157gsm","4C (Front)","6pcs / Pack","Soft Touch Lamination","No","Die-Cutting, Gluing + Folding","90000","593","LO","16200.00","22130.00"
"Standard Money Packet","MP 103","79.5mm x 154mm","Normal","Art Paper 157gsm","4C (Front)","5pcs / Pack","Soft Touch Lamination","No","Die-Cutting, Gluing + Folding","600","5","DO","359.00","409.00"
"Standard Money Packet","MP 103","79.5mm x 154mm","Normal","Art Paper 157gsm","4C (Front)","5pcs / Pack","Soft Touch Lamination","No","Die-Cutting, Gluing + Folding","1250","10","DO","474.00","574.00"
"Standard Money Packet","MP 103","79.5mm x 154mm","Normal","Art Paper 157gsm","4C (Front)","5pcs / Pack","Soft Touch Lamination","No","Die-Cutting, Gluing + Folding","2500","18","LO","693.00","873.00"
"Standard Money Packet","MP 103","79.5mm x 154mm","Normal","Art Paper 157gsm","4C (Front)","5pcs / Pack","Soft Touch Lamination","No","Die-Cutting, Gluing + Folding","5000","36","LO","1375.00","1735.00"
"Standard Money Packet","MP 103","79.5mm x 154mm","Normal","Art Paper 157gsm","4C (Front)","5pcs / Pack","Soft Touch Lamination","No","Die-Cutting, Gluing + Folding","10000","72","LO","2730.00","3450.00"
"Standard Money Packet","MP 103","79.5mm x 154mm","Normal","Art Paper 157gsm","4C (Front)","5pcs / Pack","Soft Touch Lamination","No","Die-Cutting, Gluing + Folding","15000","108","LO","3834.00","4914.00"
"Standard Money Packet","MP 103","79.5mm x 154mm","Normal","Art Paper 157gsm","4C (Front)","5pcs / Pack","Soft Touch Lamination","No","Die-Cutting, Gluing + Folding","20000","144","LO","5037.00","6477.00"
"Standard Money Packet","MP 103","79.5mm x 154mm","Normal","Art Paper 157gsm","4C (Front)","5pcs / Pack","Soft Touch Lamination","No","Die-Cutting, Gluing + Folding","25000","180","LO","6102.00","7902.00"
"Standard Money Packet","MP 103","79.5mm x 154mm","Normal","Art Paper 157gsm","4C (Front)","5pcs / Pack","Soft Touch Lamination","No","Die-Cutting, Gluing + Folding","30000","215","LO","7145.00","9295.00"
"Standard Money Packet","MP 103","79.5mm x 154mm","Normal","Art Paper 157gsm","4C (Front)","5pcs / Pack","Soft Touch Lamination","No","Die-Cutting, Gluing + Folding","40000","287","LO","9496.00","12366.00"
"Standard Money Packet","MP 103","79.5mm x 154mm","Normal","Art Paper 157gsm","4C (Front)","5pcs / Pack","Soft Touch Lamination","No","Die-Cutting, Gluing + Folding","50000","359","LO","11800.00","15390.00"
"Standard Money Packet","MP 103","79.5mm x 154mm","Normal","Art Paper 157gsm","4C (Front)","5pcs / Pack","Soft Touch Lamination","No","Die-Cutting, Gluing + Folding","60000","430","LO","13200.00","17500.00"
"Standard Money Packet","MP 103","79.5mm x 154mm","Normal","Art Paper 157gsm","4C (Front)","5pcs / Pack","Soft Touch Lamination","No","Die-Cutting, Gluing + Folding","70000","502","LO","14700.00","19720.00"
"Standard Money Packet","MP 103","79.5mm x 154mm","Normal","Art Paper 157gsm","4C (Front)","5pcs / Pack","Soft Touch Lamination","No","Die-Cutting, Gluing + Folding","80000","573","LO","16000.00","21730.00"
"Standard Money Packet","MP 103","79.5mm x 154mm","Normal","Art Paper 157gsm","4C (Front)","5pcs / Pack","Soft Touch Lamination","No","Die-Cutting, Gluing + Folding","90000","645","LO","17100.00","23550.00"
"Standard Money Packet","MP 103","79.5mm x 154mm","Normal","Art Paper 157gsm","4C (Front)","5pcs / Pack","Soft Touch Lamination","No","Die-Cutting, Gluing + Folding","100000","717","LO","18000.00","25170.00"
"Standard Money Packet","MP 103","79.5mm x 154mm","Normal","Art Paper 157gsm","4C (Front)","6pcs / Pack","Soft Touch Lamination","No","Die-Cutting, Gluing + Folding","600","5","DO","359.00","409.00"
"Standard Money Packet","MP 103","79.5mm x 154mm","Normal","Art Paper 157gsm","4C (Front)","6pcs / Pack","Soft Touch Lamination","No","Die-Cutting, Gluing + Folding","15000","108","LO","3834.00","4914.00"
"Standard Money Packet","MP 103","79.5mm x 154mm","Normal","Art Paper 157gsm","4C (Front)","6pcs / Pack","Soft Touch Lamination","No","Die-Cutting, Gluing + Folding","30000","215","LO","7145.00","9295.00"
"Standard Money Packet","MP 103","79.5mm x 154mm","Normal","Art Paper 157gsm","4C (Front)","6pcs / Pack","Soft Touch Lamination","No","Die-Cutting, Gluing + Folding","60000","430","LO","13200.00","17500.00"
"Standard Money Packet","MP 103","79.5mm x 154mm","Normal","Art Paper 157gsm","4C (Front)","6pcs / Pack","Soft Touch Lamination","No","Die-Cutting, Gluing + Folding","90000","645","LO","17100.00","23550.00"
"Standard Money Packet","MP 104","85mm x 167mm","Normal","Art Paper 157gsm","4C (Front)","5pcs / Pack","Soft Touch Lamination","No","Die-Cutting, Gluing + Folding","2500","20","LO","700.00","900.00"
"Standard Money Packet","MP 104","85mm x 167mm","Normal","Art Paper 157gsm","4C (Front)","5pcs / Pack","Soft Touch Lamination","No","Die-Cutting, Gluing + Folding","5000","40","LO","1350.00","1750.00"
"Standard Money Packet","MP 104","85mm x 167mm","Normal","Art Paper 157gsm","4C (Front)","5pcs / Pack","Soft Touch Lamination","No","Die-Cutting, Gluing + Folding","10000","80","LO","2600.00","3400.00"
"Standard Money Packet","MP 104","85mm x 167mm","Normal","Art Paper 157gsm","4C (Front)","5pcs / Pack","Soft Touch Lamination","No","Die-Cutting, Gluing + Folding","15000","120","LO","3801.00","5001.00"
"Standard Money Packet","MP 104","85mm x 167mm","Normal","Art Paper 157gsm","4C (Front)","5pcs / Pack","Soft Touch Lamination","No","Die-Cutting, Gluing + Folding","20000","160","LO","4960.00","6560.00"
"Standard Money Packet","MP 104","85mm x 167mm","Normal","Art Paper 157gsm","4C (Front)","5pcs / Pack","Soft Touch Lamination","No","Die-Cutting, Gluing + Folding","25000","200","LO","6071.00","8071.00"
"Standard Money Packet","MP 104","85mm x 167mm","Normal","Art Paper 157gsm","4C (Front)","5pcs / Pack","Soft Touch Lamination","No","Die-Cutting, Gluing + Folding","30000","240","LO","7230.00","9630.00"
"Standard Money Packet","MP 104","85mm x 167mm","Normal","Art Paper 157gsm","4C (Front)","5pcs / Pack","Soft Touch Lamination","No","Die-Cutting, Gluing + Folding","40000","320","LO","9637.00","12837.00"
"Standard Money Packet","MP 104","85mm x 167mm","Normal","Art Paper 157gsm","4C (Front)","5pcs / Pack","Soft Touch Lamination","No","Die-Cutting, Gluing + Folding","50000","399","LO","12009.00","15999.00"
"Standard Money Packet","MP 104","85mm x 167mm","Normal","Art Paper 157gsm","4C (Front)","5pcs / Pack","Soft Touch Lamination","No","Die-Cutting, Gluing + Folding","60000","479","LO","13230.00","18020.00"
"Standard Money Packet","MP 104","85mm x 167mm","Normal","Art Paper 157gsm","4C (Front)","5pcs / Pack","Soft Touch Lamination","No","Die-Cutting, Gluing + Folding","70000","559","LO","14700.00","20290.00"
"Standard Money Packet","MP 104","85mm x 167mm","Normal","Art Paper 157gsm","4C (Front)","5pcs / Pack","Soft Touch Lamination","No","Die-Cutting, Gluing + Folding","80000","639","LO","15960.00","22350.00"
"Standard Money Packet","MP 104","85mm x 167mm","Normal","Art Paper 157gsm","4C (Front)","5pcs / Pack","Soft Touch Lamination","No","Die-Cutting, Gluing + Folding","90000","719","LO","17010.00","24200.00"
"Standard Money Packet","MP 104","85mm x 167mm","Normal","Art Paper 157gsm","4C (Front)","5pcs / Pack","Soft Touch Lamination","No","Die-Cutting, Gluing + Folding","100000","798","LO","17850.00","25830.00"
"Standard Money Packet","MP 104","85mm x 167mm","Normal","Art Paper 157gsm","4C (Front)","6pcs / Pack","Soft Touch Lamination","No","Die-Cutting, Gluing + Folding","15000","120","LO","3801.00","5001.00"
"Standard Money Packet","MP 104","85mm x 167mm","Normal","Art Paper 157gsm","4C (Front)","6pcs / Pack","Soft Touch Lamination","No","Die-Cutting, Gluing + Folding","30000","240","LO","7230.00","9630.00"
"Standard Money Packet","MP 104","85mm x 167mm","Normal","Art Paper 157gsm","4C (Front)","6pcs / Pack","Soft Touch Lamination","No","Die-Cutting, Gluing + Folding","60000","479","LO","13230.00","18020.00"
"Standard Money Packet","MP 104","85mm x 167mm","Normal","Art Paper 157gsm","4C (Front)","6pcs / Pack","Soft Touch Lamination","No","Die-Cutting, Gluing + Folding","90000","719","LO","17010.00","24200.00"
"Standard Money Packet","MP 101","154mm x 79.5mm","Dual Design","Gloss Art Paper 130gsm","4C (Front)","6pcs / Pack","N/A","Yes","Die-Cutting, Gluing + Folding","600","8","DO","407.36","487.36"
"Standard Money Packet","MP 101","154mm x 79.5mm","Dual Design","Gloss Art Paper 130gsm","4C (Front)","8pcs / Pack","N/A","Yes","Die-Cutting, Gluing + Folding","600","8","DO","407.36","487.36"
"Standard Money Packet","MP 101","154mm x 79.5mm","Dual Design","Gloss Art Paper 130gsm","4C (Front)","8pcs / Pack","N/A","Yes","Die-Cutting, Gluing + Folding","5000","52","LO","1213.70","1733.70"
"Standard Money Packet","MP 101","154mm x 79.5mm","Dual Design","Gloss Art Paper 130gsm","4C (Front)","10pcs / Pack","N/A","Yes","Die-Cutting, Gluing + Folding","600","8","DO","407.36","487.36"
"Standard Money Packet","MP 101","154mm x 79.5mm","Dual Design","Gloss Art Paper 130gsm","4C (Front)","10pcs / Pack","N/A","Yes","Die-Cutting, Gluing + Folding","1250","14","DO","469.66","609.66"
"Standard Money Packet","MP 101","154mm x 79.5mm","Dual Design","Gloss Art Paper 130gsm","4C (Front)","10pcs / Pack","N/A","Yes","Die-Cutting, Gluing + Folding","2500","26","LO","702.84","962.84"
"Standard Money Packet","MP 101","154mm x 79.5mm","Dual Design","Gloss Art Paper 130gsm","4C (Front)","10pcs / Pack","N/A","Yes","Die-Cutting, Gluing + Folding","5000","52","LO","1213.70","1733.70"
"Standard Money Packet","MP 101","154mm x 79.5mm","5 Design","Gloss Art Paper 130gsm","4C (Front)","5pcs / Pack","N/A","Yes","Die-Cutting, Gluing + Folding","600","20","DO","941.60","1141.60"
"Standard Money Packet","MP 101","154mm x 79.5mm","5 Design","Gloss Art Paper 130gsm","4C (Front)","5pcs / Pack","N/A","Yes","Die-Cutting, Gluing + Folding","1250","35","DO","1092.10","1442.10"
"Standard Money Packet","MP 101","154mm x 79.5mm","5 Design","Gloss Art Paper 130gsm","4C (Front)","5pcs / Pack","N/A","Yes","Die-Cutting, Gluing + Folding","2500","65","LO","1655.40","2305.40"
"Standard Money Packet","MP 101","154mm x 79.5mm","5 Design","Gloss Art Paper 130gsm","4C (Front)","5pcs / Pack","N/A","Yes","Die-Cutting, Gluing + Folding","5000","130","LO","2889.50","4189.50"
"Standard Money Packet","MP 101","154mm x 79.5mm","5 Design","Gloss Art Paper 130gsm","4C (Front)","10pcs / Pack","N/A","Yes","Die-Cutting, Gluing + Folding","600","20","DO","941.60","1141.60"
"Standard Money Packet","MP 101","154mm x 79.5mm","5 Design","Gloss Art Paper 130gsm","4C (Front)","10pcs / Pack","N/A","Yes","Die-Cutting, Gluing + Folding","1250","35","DO","1092.10","1442.10"
"Standard Money Packet","MP 101","154mm x 79.5mm","5 Design","Gloss Art Paper 130gsm","4C (Front)","10pcs / Pack","N/A","Yes","Die-Cutting, Gluing + Folding","2500","65","LO","1655.40","2305.40"
"Standard Money Packet","MP 101","154mm x 79.5mm","5 Design","Gloss Art Paper 130gsm","4C (Front)","10pcs / Pack","N/A","Yes","Die-Cutting, Gluing + Folding","5000","130","LO","2889.50","4189.50"
"Standard Money Packet","MP 101","154mm x 79.5mm","6 Design","Gloss Art Paper 130gsm","4C (Front)","6pcs / Pack","N/A","Yes","Die-Cutting, Gluing + Folding","600","24","DO","1111.20","1351.20"
"Standard Money Packet","MP 103","79.5mm x 154mm","Dual Design","Gloss Art Paper 130gsm","4C (Front)","6pcs / Pack","N/A","Yes","Die-Cutting, Gluing + Folding","600","8","DO","522.56","602.56"
"Standard Money Packet","MP 103","79.5mm x 154mm","Dual Design","Gloss Art Paper 130gsm","4C (Front)","8pcs / Pack","N/A","Yes","Die-Cutting, Gluing + Folding","600","8","DO","522.56","602.56"
"Standard Money Packet","MP 103","79.5mm x 154mm","Dual Design","Gloss Art Paper 130gsm","4C (Front)","10pcs / Pack","N/A","Yes","Die-Cutting, Gluing + Folding","600","8","DO","522.56","602.56"
"Standard Money Packet","MP 103","79.5mm x 154mm","Dual Design","Gloss Art Paper 130gsm","4C (Front)","10pcs / Pack","N/A","Yes","Die-Cutting, Gluing + Folding","1250","16","DO","588.36","748.36"
"Standard Money Packet","MP 103","79.5mm x 154mm","Dual Design","Gloss Art Paper 130gsm","4C (Front)","10pcs / Pack","N/A","Yes","Die-Cutting, Gluing + Folding","2500","28","LO","894.80","1174.80"
"Standard Money Packet","MP 103","79.5mm x 154mm","5 Design","Gloss Art Paper 130gsm","4C (Front)","5pcs / Pack","N/A","Yes","Die-Cutting, Gluing + Folding","600","20","DO","1222.10","1422.10"
"Standard Money Packet","MP 103","79.5mm x 154mm","5 Design","Gloss Art Paper 130gsm","4C (Front)","5pcs / Pack","N/A","Yes","Die-Cutting, Gluing + Folding","1250","40","DO","1381.35","1781.35"
"Standard Money Packet","MP 103","79.5mm x 154mm","5 Design","Gloss Art Paper 130gsm","4C (Front)","5pcs / Pack","N/A","Yes","Die-Cutting, Gluing + Folding","2500","70","LO","2123.00","2823.00"
"Standard Money Packet","MP 103","79.5mm x 154mm","5 Design","Gloss Art Paper 130gsm","4C (Front)","10pcs / Pack","N/A","Yes","Die-Cutting, Gluing + Folding","600","20","DO","1222.10","1422.10"
"Standard Money Packet","MP 103","79.5mm x 154mm","5 Design","Gloss Art Paper 130gsm","4C (Front)","10pcs / Pack","N/A","Yes","Die-Cutting, Gluing + Folding","1250","40","DO","1381.35","1781.35"
"Standard Money Packet","MP 103","79.5mm x 154mm","5 Design","Gloss Art Paper 130gsm","4C (Front)","10pcs / Pack","N/A","Yes","Die-Cutting, Gluing + Folding","2500","70","LO","2123.00","2823.00"
"Standard Money Packet","MP 103","79.5mm x 154mm","6 Design","Gloss Art Paper 130gsm","4C (Front)","6pcs / Pack","N/A","Yes","Die-Cutting, Gluing + Folding","600","24","DO","1444.80","1684.80"
"Standard Money Packet","MP 104","85mm x 167mm","Dual Design","Gloss Art Paper 130gsm","4C (Front)","6pcs / Pack","N/A","Yes","Die-Cutting, Gluing + Folding","600","8","DO","441.28","521.28"
"Standard Money Packet","MP 104","85mm x 167mm","Dual Design","Gloss Art Paper 130gsm","4C (Front)","8pcs / Pack","N/A","Yes","Die-Cutting, Gluing + Folding","600","8","DO","441.28","521.28"
"Standard Money Packet","MP 104","85mm x 167mm","Dual Design","Gloss Art Paper 130gsm","4C (Front)","10pcs / Pack","N/A","Yes","Die-Cutting, Gluing + Folding","600","8","DO","441.28","521.28"
"Standard Money Packet","MP 104","85mm x 167mm","Dual Design","Gloss Art Paper 130gsm","4C (Front)","10pcs / Pack","N/A","Yes","Die-Cutting, Gluing + Folding","1250","18","DO","509.18","689.18"
"Standard Money Packet","MP 104","85mm x 167mm","Dual Design","Gloss Art Paper 130gsm","4C (Front)","10pcs / Pack","N/A","Yes","Die-Cutting, Gluing + Folding","2500","32","LO","763.32","1083.32"
"Standard Money Packet","MP 104","85mm x 167mm","5 Design","Gloss Art Paper 130gsm","4C (Front)","5pcs / Pack","N/A","Yes","Die-Cutting, Gluing + Folding","600","20","DO","1026.40","1226.40"
"Standard Money Packet","MP 104","85mm x 167mm","5 Design","Gloss Art Paper 130gsm","4C (Front)","5pcs / Pack","N/A","Yes","Die-Cutting, Gluing + Folding","1250","45","DO","1190.90","1640.90"
"Standard Money Packet","MP 104","85mm x 167mm","5 Design","Gloss Art Paper 130gsm","4C (Front)","5pcs / Pack","N/A","Yes","Die-Cutting, Gluing + Folding","2500","80","LO","1806.60","2606.60"
"Standard Money Packet","MP 104","85mm x 167mm","5 Design","Gloss Art Paper 130gsm","4C (Front)","10pcs / Pack","N/A","Yes","Die-Cutting, Gluing + Folding","600","20","DO","1026.40","1226.40"
"Standard Money Packet","MP 104","85mm x 167mm","5 Design","Gloss Art Paper 130gsm","4C (Front)","10pcs / Pack","N/A","Yes","Die-Cutting, Gluing + Folding","1250","45","DO","1190.90","1640.90"
"Standard Money Packet","MP 104","85mm x 167mm","5 Design","Gloss Art Paper 130gsm","4C (Front)","10pcs / Pack","N/A","Yes","Die-Cutting, Gluing + Folding","2500","80","LO","1806.60","2606.60"
"Standard Money Packet","MP 104","85mm x 167mm","6 Design","Gloss Art Paper 130gsm","4C (Front)","6pcs / Pack","N/A","Yes","Die-Cutting, Gluing + Folding","600","24","DO","1212.96","1452.96"
"Standard Money Packet","MP 101","154mm x 79.5mm","Dual Design","Linen 140gsm","4C (Front)","6pcs / Pack","N/A","Yes","Die-Cutting, Gluing + Folding","600","8","DO","572.04","652.04"
"Standard Money Packet","MP 101","154mm x 79.5mm","Dual Design","Linen 140gsm","4C (Front)","8pcs / Pack","N/A","Yes","Die-Cutting, Gluing + Folding","600","8","DO","572.04","652.04"
"Standard Money Packet","MP 101","154mm x 79.5mm","Dual Design","Linen 140gsm","4C (Front)","10pcs / Pack","N/A","Yes","Die-Cutting, Gluing + Folding","600","8","DO","572.04","652.04"
"Standard Money Packet","MP 101","154mm x 79.5mm","Dual Design","Linen 140gsm","4C (Front)","10pcs / Pack","N/A","Yes","Die-Cutting, Gluing + Folding","1250","16","DO","663.80","823.80"
"Standard Money Packet","MP 101","154mm x 79.5mm","Dual Design","Linen 140gsm","4C (Front)","10pcs / Pack","N/A","Yes","Die-Cutting, Gluing + Folding","2500","28","LO","998.84","1278.84"
"Standard Money Packet","MP 101","154mm x 79.5mm","5 Design","Linen 140gsm","4C (Front)","5pcs / Pack","N/A","Yes","Die-Cutting, Gluing + Folding","600","20","DO","1343.18","1543.18"
"Standard Money Packet","MP 101","154mm x 79.5mm","5 Design","Linen 140gsm","4C (Front)","5pcs / Pack","N/A","Yes","Die-Cutting, Gluing + Folding","1250","40","DO","1565.49","1965.49"
"Standard Money Packet","MP 101","154mm x 79.5mm","5 Design","Linen 140gsm","4C (Front)","5pcs / Pack","N/A","Yes","Die-Cutting, Gluing + Folding","2500","70","LO","2377.18","3077.18"
"Standard Money Packet","MP 101","154mm x 79.5mm","5 Design","Linen 140gsm","4C (Front)","10pcs / Pack","N/A","Yes","Die-Cutting, Gluing + Folding","600","20","DO","1343.18","1543.18"
"Standard Money Packet","MP 101","154mm x 79.5mm","5 Design","Linen 140gsm","4C (Front)","10pcs / Pack","N/A","Yes","Die-Cutting, Gluing + Folding","1250","40","DO","1565.49","1965.49"
"Standard Money Packet","MP 101","154mm x 79.5mm","5 Design","Linen 140gsm","4C (Front)","10pcs / Pack","N/A","Yes","Die-Cutting, Gluing + Folding","2500","70","LO","2377.18","3077.18"
"Standard Money Packet","MP 101","154mm x 79.5mm","6 Design","Linen 140gsm","4C (Front)","6pcs / Pack","N/A","Yes","Die-Cutting, Gluing + Folding","600","24","DO","1589.05","1829.05"
"Standard Money Packet","MP 103","79.5mm x 154mm","Dual Design","Linen 140gsm","4C (Front)","6pcs / Pack","N/A","Yes","Die-Cutting, Gluing + Folding","600","8","DO","700.08","780.08"
"Standard Money Packet","MP 103","79.5mm x 154mm","Dual Design","Linen 140gsm","4C (Front)","8pcs / Pack","N/A","Yes","Die-Cutting, Gluing + Folding","600","8","DO","700.08","780.08"
"Standard Money Packet","MP 103","79.5mm x 154mm","Dual Design","Linen 140gsm","4C (Front)","10pcs / Pack","N/A","Yes","Die-Cutting, Gluing + Folding","600","8","DO","700.08","780.08"
"Standard Money Packet","MP 103","79.5mm x 154mm","Dual Design","Linen 140gsm","4C (Front)","10pcs / Pack","N/A","Yes","Die-Cutting, Gluing + Folding","1250","16","DO","791.84","951.84"
"Standard Money Packet","MP 103","79.5mm x 154mm","Dual Design","Linen 140gsm","4C (Front)","10pcs / Pack","N/A","Yes","Die-Cutting, Gluing + Folding","2500","30","LO","1205.83","1505.83"
"Standard Money Packet","MP 103","79.5mm x 154mm","5 Design","Linen 140gsm","4C (Front)","5pcs / Pack","N/A","Yes","Die-Cutting, Gluing + Folding","600","20","DO","1653.38","1853.38"
"Standard Money Packet","MP 103","79.5mm x 154mm","5 Design","Linen 140gsm","4C (Front)","5pcs / Pack","N/A","Yes","Die-Cutting, Gluing + Folding","1250","40","DO","1875.69","2275.69"
"Standard Money Packet","MP 103","79.5mm x 154mm","5 Design","Linen 140gsm","4C (Front)","5pcs / Pack","N/A","Yes","Die-Cutting, Gluing + Folding","2500","75","LO","2878.67","3628.67"
"Standard Money Packet","MP 103","79.5mm x 154mm","5 Design","Linen 140gsm","4C (Front)","10pcs / Pack","N/A","Yes","Die-Cutting, Gluing + Folding","600","20","DO","1653.38","1853.38"
"Standard Money Packet","MP 103","79.5mm x 154mm","5 Design","Linen 140gsm","4C (Front)","10pcs / Pack","N/A","Yes","Die-Cutting, Gluing + Folding","1250","40","DO","1875.69","2275.69"
"Standard Money Packet","MP 103","79.5mm x 154mm","5 Design","Linen 140gsm","4C (Front)","10pcs / Pack","N/A","Yes","Die-Cutting, Gluing + Folding","2500","75","LO","2878.67","3628.67"
"Standard Money Packet","MP 103","79.5mm x 154mm","6 Design","Linen 140gsm","4C (Front)","6pcs / Pack","N/A","Yes","Die-Cutting, Gluing + Folding","600","24","DO","1957.33","2197.33"
"Standard Money Packet","MP 104","85mm x 167mm","Dual Design","Linen 140gsm","4C (Front)","10pcs / Pack","N/A","Yes","Die-Cutting, Gluing + Folding","2500","36","LO","1048.50","1408.50"
"Standard Money Packet","MP 104","85mm x 167mm","5 Design","Linen 140gsm","4C (Front)","5pcs / Pack","N/A","Yes","Die-Cutting, Gluing + Folding","2500","90","LO","2497.50","3397.50"
"Standard Money Packet","MP 104","85mm x 167mm","5 Design","Linen 140gsm","4C (Front)","10pcs / Pack","N/A","Yes","Die-Cutting, Gluing + Folding","2500","90","LO","2497.50","3397.50"
"Standard Money Packet","MP 101","154mm x 79.5mm","5 Design","Art Paper 157gsm","4C (Front)","5pcs / Pack","Matte Lamination","Yes","Die-Cutting, Gluing + Folding","2500","85","LO","2732.50","3582.50"
"Standard Money Packet","MP 103","79.5mm x 154mm","Dual Design","Art Paper 157gsm","4C (Front)","6pcs / Pack","Matte Lamination","Yes","Die-Cutting, Gluing + Folding","600","10","DO","542.16","642.16"
"Standard Money Packet","MP 103","79.5mm x 154mm","5 Design","Art Paper 157gsm","4C (Front)","5pcs / Pack","Matte Lamination","Yes","Die-Cutting, Gluing + Folding","600","25","DO","1270.80","1520.80"
"Standard Money Packet","MP 103","79.5mm x 154mm","5 Design","Art Paper 157gsm","4C (Front)","5pcs / Pack","Matte Lamination","Yes","Die-Cutting, Gluing + Folding","1250","50","DO","1726.70","2226.70"
"Standard Money Packet","MP 103","79.5mm x 154mm","5 Design","Art Paper 157gsm","4C (Front)","5pcs / Pack","Matte Lamination","Yes","Die-Cutting, Gluing + Folding","2500","90","LO","2967.50","3867.50"
"Standard Money Packet","MP 103","79.5mm x 154mm","6 Design","Art Paper 157gsm","4C (Front)","6pcs / Pack","Matte Lamination","Yes","Die-Cutting, Gluing + Folding","600","30","DO","1503.12","1803.12"
"Standard Money Packet","MP 104","85mm x 167mm","5 Design","Art Paper 157gsm","4C (Front)","5pcs / Pack","Matte Lamination","Yes","Die-Cutting, Gluing + Folding","2500","100","LO","2867.63","3867.63"
"Standard Money Packet","MP 101","154mm x 79.5mm","5 Design","Art Paper 157gsm","4C (Front)","5pcs / Pack","Soft Touch Lamination","Yes","Die-Cutting, Gluing + Folding","2500","85","LO","3085.00","3935.00"
"Standard Money Packet","MP 103","79.5mm x 154mm","Dual Design","Art Paper 157gsm","4C (Front)","6pcs / Pack","Soft Touch Lamination","Yes","Die-Cutting, Gluing + Folding","600","10","DO","726.46","826.46"
"Standard Money Packet","MP 103","79.5mm x 154mm","5 Design","Art Paper 157gsm","4C (Front)","5pcs / Pack","Soft Touch Lamination","Yes","Die-Cutting, Gluing + Folding","600","25","DO","1717.30","1967.30"
"Standard Money Packet","MP 103","79.5mm x 154mm","5 Design","Art Paper 157gsm","4C (Front)","5pcs / Pack","Soft Touch Lamination","Yes","Die-Cutting, Gluing + Folding","1250","50","DO","2257.80","2757.80"
"Standard Money Packet","MP 103","79.5mm x 154mm","5 Design","Art Paper 157gsm","4C (Front)","5pcs / Pack","Soft Touch Lamination","Yes","Die-Cutting, Gluing + Folding","2500","90","LO","3287.10","4187.10"
"Standard Money Packet","MP 103","79.5mm x 154mm","6 Design","Art Paper 157gsm","4C (Front)","6pcs / Pack","Soft Touch Lamination","Yes","Die-Cutting, Gluing + Folding","600","30","DO","2033.22","2333.22"
"Standard Money Packet","MP 104","85mm x 167mm","5 Design","Art Paper 157gsm","4C (Front)","5pcs / Pack","Soft Touch Lamination","Yes","Die-Cutting, Gluing + Folding","2500","100","LO","3320.00","4320.00"
